transaction_id,account_id,customer_id,transaction_type,amount,currency,balance_after,merchant_name,merchant_category,description,status,initiated_at,completed_at,channel,reference_number,failure_reason,notes
TXN-2026-000001,ACC-100001,CUST-B001,CREDIT,3200.00,USD,5678.95,Employer Payroll,PAYROLL,Bi-weekly salary deposit,COMPLETED,2026-03-07 08:00:00,2026-03-07 08:00:00,ACH,REF-2026-AA001,,Regular payroll deposit
TXN-2026-000002,ACC-100001,CUST-B001,PAYMENT,312.45,USD,5366.50,Digital Bank Loans,FINANCIAL_SERVICES,Personal loan monthly payment — LOAN-2023-0001,COMPLETED,2026-03-01 09:00:00,2026-03-01 09:00:00,ONLINE,REF-2026-AA002,,Auto-pay enabled for loan
TXN-2026-000003,ACC-100001,CUST-B001,DEBIT,45.99,USD,5234.50,Walmart,GROCERY,Grocery shopping,COMPLETED,2026-03-15 14:22:00,2026-03-15 14:22:00,POS,REF-2026-AA003,,
TXN-2026-000004,ACC-100002,CUST-B001,CREDIT,500.00,USD,12800.00,Alice Johnson,TRANSFER,Auto-transfer from checking ACC-100001,COMPLETED,2026-03-01 09:05:00,2026-03-01 09:05:00,SYSTEM,REF-2026-AA004,,Monthly auto-save transfer
TXN-2026-000005,ACC-100003,CUST-B002,CREDIT,12500.00,USD,28450.00,Consulting Client LLC,WIRE,Invoice payment INV-2026-0042,COMPLETED,2026-03-10 11:15:00,2026-03-10 11:30:00,WIRE,REF-2026-BB001,,Incoming wire from consulting client
TXN-2026-000006,ACC-100003,CUST-B002,DEBIT,3200.00,USD,25250.00,Bay Area Properties,RENT,Monthly rent — March 2026,COMPLETED,2026-03-01 08:00:00,2026-03-01 08:00:00,ONLINE,REF-2026-BB002,,Auto-pay rent
TXN-2026-000007,ACC-100003,CUST-B002,DEBIT,350.00,USD,24900.00,The Grand Restaurant,RESTAURANT,Dinner charge 2026-02-28,DISPUTED,2026-02-28 20:45:00,,POS,REF-2026-BB003,,Customer disputes this charge — claims never visited. Case CASE-2026-0005.
TXN-2026-000008,ACC-100003,CUST-B002,CREDIT,350.00,USD,28450.00,Dispute Resolution,FINANCIAL_SERVICES,Provisional credit for disputed TXN-2026-000007,REVERSED,2026-03-10 10:00:00,2026-03-10 10:00:00,SYSTEM,REF-2026-BB004,,Chargeback provisional credit issued pending investigation
TXN-2026-000009,ACC-100005,CUST-B002,CREDIT,10000.00,USD,125000.00,Robert Chen,TRANSFER,Transfer from checking to money market,COMPLETED,2026-03-05 10:00:00,2026-03-05 10:00:00,ONLINE,REF-2026-BB005,,Investment allocation
TXN-2026-000010,ACC-100006,CUST-B003,DEBIT,28.50,USD,1895.45,Starbucks,RESTAURANT,Coffee purchase,COMPLETED,2026-03-10 08:30:00,2026-03-10 08:30:00,POS,REF-2026-CC001,,Normal transaction before fraud
TXN-2026-000011,ACC-100006,CUST-B003,DEBIT,67.89,USD,1827.56,Amazon,RETAIL,Online purchase,COMPLETED,2026-03-11 13:45:00,2026-03-11 13:45:00,ONLINE,REF-2026-CC002,,Normal transaction before fraud
TXN-2026-000012,ACC-100006,CUST-B003,DEBIT,450.00,USD,1377.56,Unknown Merchant RU,RETAIL,Purchase — location: Moscow Russia,COMPLETED,2026-03-11 22:34:00,2026-03-11 22:34:00,ONLINE,REF-2026-CC003,,SUSPICIOUS: IP origin Russia. Customer did not authorize. Flagged by fraud system. Dispute filed.
TXN-2026-000013,ACC-100006,CUST-B003,DEBIT,1200.00,USD,1234.56,TechStore International,RETAIL,Electronics purchase — location: Eastern Europe,COMPLETED,2026-03-12 03:17:00,2026-03-12 03:17:00,ONLINE,REF-2026-CC004,,SUSPICIOUS: 3am transaction. Different geolocation from prior transaction within 5 hours. Triggered fraud lock.
TXN-2026-000014,ACC-100006,CUST-B003,DEBIT,89.99,USD,1234.56,Netflix International,SUBSCRIPTION,Streaming subscription charge,FAILED,2026-03-12 03:21:00,,ONLINE,REF-2026-CC005,ACCOUNT_LOCKED,Account locked at 03:20 on 2026-03-12 before this charge processed
TXN-2026-000015,ACC-100007,CUST-B003,CREDIT,200.00,USD,3500.00,Maria Garcia,TRANSFER,Savings deposit,COMPLETED,2026-02-28 10:00:00,2026-02-28 10:00:00,MOBILE,REF-2026-CC006,,Savings unaffected by checking lock
TXN-2026-000016,ACC-100008,CUST-B004,CREDIT,45000.00,USD,45678.90,Okafor Ventures LLC,WIRE,Client project payment Q1 2026,COMPLETED,2026-03-05 14:00:00,2026-03-05 14:20:00,WIRE,REF-2026-DD001,,Incoming wire from client
TXN-2026-000017,ACC-100008,CUST-B004,DEBIT,2500.00,USD,43178.90,Staff Payroll,PAYROLL,Employee salary — March first half,COMPLETED,2026-03-10 09:00:00,2026-03-10 09:00:00,ACH,REF-2026-DD002,,Bi-weekly payroll run
TXN-2026-000018,ACC-100008,CUST-B004,DEBIT,55.00,USD,43123.90,Bistro Downtown,RESTAURANT,Business lunch,COMPLETED,2026-03-14 12:30:00,2026-03-14 12:30:00,POS,REF-2026-DD003,,
TXN-2026-000019,ACC-100010,CUST-B005,CREDIT,5500.00,USD,8900.00,Employer Inc,PAYROLL,Monthly salary deposit,COMPLETED,2026-03-07 08:00:00,2026-03-07 08:00:00,ACH,REF-2026-EE001,,
TXN-2026-000020,ACC-100010,CUST-B005,PAYMENT,2222.15,USD,6677.85,Mortgage Servicer LLC,FINANCIAL_SERVICES,Mortgage payment — LOAN-2021-0001 March 2026,COMPLETED,2026-03-01 08:30:00,2026-03-01 08:30:00,ONLINE,REF-2026-EE002,,Auto-pay mortgage
TXN-2026-000021,ACC-100011,CUST-B005,CREDIT,500.00,USD,42000.00,Emily Taylor,TRANSFER,Monthly auto-save from checking,COMPLETED,2026-03-07 08:05:00,2026-03-07 08:05:00,SYSTEM,REF-2026-EE003,,
TXN-2026-000022,ACC-100012,CUST-B006,PAYMENT,545.80,USD,2100.00,Auto Finance Bank,FINANCIAL_SERVICES,Auto loan payment — LOAN-2024-0002 March 2026,COMPLETED,2026-03-01 09:00:00,2026-03-01 09:00:00,ONLINE,REF-2026-FF001,,
TXN-2026-000023,ACC-100012,CUST-B006,DEBIT,89.99,USD,2010.01,Netflix,SUBSCRIPTION,Monthly streaming subscription,COMPLETED,2026-03-15 00:01:00,2026-03-15 00:01:00,ONLINE,REF-2026-FF002,,
TXN-2026-000024,ACC-100012,CUST-B006,DEBIT,42.50,USD,1967.51,Shell Gas Station,GAS,Fuel purchase,COMPLETED,2026-03-13 07:15:00,2026-03-13 07:15:00,POS,REF-2026-FF003,,
TXN-2026-000025,ACC-100013,CUST-B007,DEBIT,55.60,USD,1100.40,Whole Foods Market,GROCERY,Grocery shopping,COMPLETED,2026-05-13 16:45:00,2026-05-13 16:45:00,POS,REF-2026-GG001,,Last transaction before account freeze
TXN-2026-000026,ACC-100013,CUST-B007,PAYMENT,12.99,USD,890.00,Spotify,SUBSCRIPTION,Monthly music subscription,FAILED,2026-05-14 06:00:00,,ONLINE,REF-2026-GG002,ACCOUNT_FROZEN,Account frozen at 04:33 on 2026-05-14 after 5 failed login attempts. All transactions blocked.
TXN-2026-000027,ACC-100015,CUST-B008,DEPOSIT,9800.00,USD,11200.00,Branch Cash Deposit,ATM,Cash deposit — teller verified,COMPLETED,2026-02-14 10:30:00,2026-02-14 10:30:00,BRANCH,REF-2026-HH001,,AML flag #1: cash deposit just below $10k reporting threshold
TXN-2026-000028,ACC-100015,CUST-B008,DEPOSIT,9800.00,USD,20500.00,Branch Cash Deposit,ATM,Cash deposit — teller verified,COMPLETED,2026-02-28 10:15:00,2026-02-28 10:15:00,BRANCH,REF-2026-HH002,,AML flag #2: second cash deposit below threshold within 30 days
TXN-2026-000029,ACC-100015,CUST-B008,DEPOSIT,9800.00,USD,29800.00,Branch Cash Deposit,ATM,Cash deposit — teller verified,COMPLETED,2026-03-14 09:45:00,2026-03-14 09:45:00,BRANCH,REF-2026-HH003,,AML flag #3: third deposit triggers structuring review. Account placed UNDER_REVIEW.
TXN-2026-000030,ACC-100015,CUST-B008,DEBIT,200.00,USD,3200.00,Kroger,GROCERY,Grocery shopping,COMPLETED,2026-03-15 11:20:00,2026-03-15 11:20:00,POS,REF-2026-HH004,,Normal debit purchase. Account allows outbound POS up to $500/day.
TXN-2026-000031,ACC-100016,CUST-B009,CREDIT,7200.00,USD,15678.00,Employer Corp,PAYROLL,Monthly salary deposit,COMPLETED,2026-03-07 08:00:00,2026-03-07 08:00:00,ACH,REF-2026-II001,,
TXN-2026-000032,ACC-100016,CUST-B009,PAYMENT,2128.40,USD,13549.60,Home Mortgage Co,FINANCIAL_SERVICES,Mortgage payment — LOAN-2022-0002 March 2026,COMPLETED,2026-03-02 08:30:00,2026-03-02 08:30:00,ONLINE,REF-2026-II002,,
TXN-2026-000033,ACC-100016,CUST-B009,DEBIT,189.99,USD,13359.61,OnlineShop247,RETAIL,Online merchandise purchase,DISPUTED,2026-03-05 19:30:00,,ONLINE,REF-2026-II003,,Customer claims item never received. Case CASE-2026-0005 linked.
TXN-2026-000034,ACC-100017,CUST-B009,CREDIT,1675.00,USD,67000.00,Digital Bank,FINANCIAL_SERVICES,Monthly interest credit on savings,COMPLETED,2026-02-28 23:59:00,2026-02-28 23:59:00,SYSTEM,REF-2026-II004,,
TXN-2026-000035,ACC-100018,CUST-B010,CREDIT,125000.00,USD,89000.00,Major Client Corp,WIRE,B2B project payment invoice #2026-Q1,COMPLETED,2026-03-02 09:00:00,2026-03-02 09:30:00,WIRE,REF-2026-JJ001,,
TXN-2026-000036,ACC-100018,CUST-B010,PAYMENT,4850.00,USD,84150.00,Business Loan Servicer,FINANCIAL_SERVICES,Business loan payment — LOAN-2023-0005 March 2026,COMPLETED,2026-03-01 09:00:00,2026-03-01 09:00:00,ONLINE,REF-2026-JJ002,,
TXN-2026-000037,ACC-100018,CUST-B010,WIRE,85000.00,USD,89000.00,Global Supplier Inc,WIRE,B2B supplier payment — PO-2026-0044,PENDING,2026-03-13 14:00:00,,ONLINE,REF-2026-JJ003,,Wire pending compliance review for large outbound transfer. Expected 1-2 business days.
TXN-2026-000038,ACC-100019,CUST-B011,CREDIT,3800.00,USD,4500.00,Tech Startup Inc,PAYROLL,Monthly salary deposit,COMPLETED,2026-03-07 08:00:00,2026-03-07 08:00:00,ACH,REF-2026-KK001,,
TXN-2026-000039,ACC-100019,CUST-B011,PAYMENT,950.00,USD,3550.00,City Properties LLC,RENT,Monthly rent March 2026,COMPLETED,2026-03-01 08:00:00,2026-03-01 08:00:00,ONLINE,REF-2026-KK002,,
TXN-2026-000040,ACC-100019,CUST-B011,PAYMENT,95.50,USD,3454.50,Digital Bank Loans,FINANCIAL_SERVICES,Personal loan payment — LOAN-2024-0004,COMPLETED,2026-03-01 09:00:00,2026-03-01 09:00:00,ONLINE,REF-2026-KK003,,
TXN-2026-000041,ACC-100019,CUST-B011,TRANSFER,800.00,USD,4500.00,Priya Sharma,TRANSFER,ACH transfer to external savings account,PENDING,2026-03-16 10:30:00,,MOBILE,REF-2026-KK004,,Pending — ACH processing 1 business day. Expected to post 2026-03-17.
TXN-2026-000042,ACC-100019,CUST-B011,PAYMENT,75.00,USD,3479.50,State Farm Insurance,FINANCIAL_SERVICES,Monthly insurance premium,FAILED,2026-03-13 00:01:00,,ONLINE,REF-2026-KK005,CARD_EXPIRED,Debit card on file expired. Customer needs to update payment method.
TXN-2026-000043,ACC-100020,CUST-B012,CREDIT,2800.00,USD,1800.00,Retail Co,PAYROLL,Monthly salary deposit,COMPLETED,2026-03-07 08:00:00,2026-03-07 08:00:00,ACH,REF-2026-LL001,,
TXN-2026-000044,ACC-100020,CUST-B012,DEBIT,750.00,USD,1050.00,Landlord LLC,RENT,Monthly rent March 2026,COMPLETED,2026-03-01 08:00:00,2026-03-01 08:00:00,ONLINE,REF-2026-LL002,,
TXN-2026-000045,ACC-100020,CUST-B012,PAYMENT,2500.00,USD,1800.00,Chase Credit Card,FINANCIAL_SERVICES,Credit card payment — over available balance,FAILED,2026-03-14 10:00:00,,ONLINE,REF-2026-LL003,INSUFFICIENT_FUNDS,Account balance $1800 insufficient for $2500 payment. Transaction rejected.
TXN-2026-000046,ACC-100021,CUST-B013,PAYMENT,1200.00,USD,6200.00,Pacific Properties,RENT,Monthly rent March 2026,COMPLETED,2026-03-01 08:00:00,2026-03-01 08:00:00,ONLINE,REF-2026-MM001,,
TXN-2026-000047,ACC-100021,CUST-B013,CREDIT,4500.00,USD,4500.00,Software Corp,PAYROLL,Monthly salary deposit,COMPLETED,2026-03-07 08:00:00,2026-03-07 08:00:00,ACH,REF-2026-MM002,,
TXN-2026-000048,ACC-100021,CUST-B013,WIRE,5000.00,USD,6200.00,Tanaka Family,WIRE,International wire transfer to Japan — family support,PENDING,2026-03-14 11:00:00,,ONLINE,REF-2026-MM003,,Wire in progress. Estimated delivery 2-3 business days. Compliance review standard for international wires.
TXN-2026-000049,ACC-100022,CUST-B013,CREDIT,500.00,USD,18000.00,Yuki Tanaka,TRANSFER,Transfer from checking to savings,COMPLETED,2026-03-14 11:05:00,2026-03-14 11:05:00,MOBILE,REF-2026-MM004,,
TXN-2026-000050,ACC-100023,CUST-B014,CREDIT,4200.00,USD,3900.00,Healthcare Org,PAYROLL,Monthly salary deposit,COMPLETED,2026-03-07 08:00:00,2026-03-07 08:00:00,ACH,REF-2026-NN001,,
TXN-2026-000051,ACC-100023,CUST-B014,DEBIT,1100.00,USD,2800.00,Portland Rentals,RENT,Monthly rent March 2026,COMPLETED,2026-03-01 08:00:00,2026-03-01 08:00:00,ONLINE,REF-2026-NN002,,
TXN-2026-000052,ACC-100024,CUST-B015,PAYMENT,346.15,USD,567.00,Digital Bank Loans,FINANCIAL_SERVICES,Personal loan payment — LOAN-2024-0003 October 2025,COMPLETED,2025-10-01 09:00:00,2025-10-01 09:00:00,ONLINE,REF-2025-OO001,,Last successful loan payment before default
TXN-2026-000053,ACC-100024,CUST-B015,PAYMENT,346.15,USD,567.00,Digital Bank Loans,FINANCIAL_SERVICES,Personal loan payment — LOAN-2024-0003 November 2025,FAILED,2025-11-01 09:00:00,,ONLINE,REF-2025-OO002,INSUFFICIENT_FUNDS,Insufficient funds. Loan moved to delinquent status.
TXN-2026-000054,ACC-100024,CUST-B015,DEBIT,45.00,USD,567.00,Utility Company,UTILITIES,Monthly electricity bill,FAILED,2026-01-15 10:00:00,,ONLINE,REF-2026-OO003,ACCOUNT_LOCKED,Account locked 2026-02-01 due to loan default. All transactions blocked.
TXN-2026-000055,ACC-100025,CUST-B016,CREDIT,3600.00,USD,4100.00,Marketing Agency,PAYROLL,Monthly salary deposit,COMPLETED,2026-03-07 08:00:00,2026-03-07 08:00:00,ACH,REF-2026-PP001,,
TXN-2026-000056,ACC-100025,CUST-B016,DEBIT,850.00,USD,3250.00,Charlotte Apartments,RENT,Monthly rent March 2026,COMPLETED,2026-03-01 08:00:00,2026-03-01 08:00:00,ONLINE,REF-2026-PP002,,
TXN-2026-000057,ACC-100026,CUST-B017,CREDIT,38000.00,USD,56000.00,Import Client Corp,WIRE,Client payment for goods — INV-2026-0011,COMPLETED,2026-03-08 10:00:00,2026-03-08 10:30:00,WIRE,REF-2026-QQ001,,
TXN-2026-000058,ACC-100026,CUST-B017,PAYMENT,2934.00,USD,53066.00,Business Loan Servicer,FINANCIAL_SERVICES,Business loan payment — LOAN-2023-0004 March 2026,COMPLETED,2026-03-01 09:00:00,2026-03-01 09:00:00,ONLINE,REF-2026-QQ002,,
TXN-2026-000059,ACC-100026,CUST-B017,PAYMENT,12000.00,USD,56000.00,Vendor Global Ltd,WIRE,Vendor payment — PO-2026-0031,PENDING,2026-03-15 16:00:00,,ONLINE,REF-2026-QQ003,,Wire pending. Estimated 1-2 business days. Balance held but not yet debited.
TXN-2026-000060,ACC-100027,CUST-B018,CREDIT,9500.00,USD,22000.00,Finance Corp,PAYROLL,Monthly salary deposit,COMPLETED,2026-03-07 08:00:00,2026-03-07 08:00:00,ACH,REF-2026-RR001,,
TXN-2026-000061,ACC-100027,CUST-B018,PAYMENT,2864.20,USD,19135.80,Mortgage Bank USA,FINANCIAL_SERVICES,Mortgage payment — LOAN-2022-0003 March 2026,COMPLETED,2026-03-03 08:30:00,2026-03-03 08:30:00,ONLINE,REF-2026-RR002,,
TXN-2026-000062,ACC-100028,CUST-B018,CREDIT,5000.00,USD,95000.00,Natasha Wilson,TRANSFER,Transfer from checking to money market,COMPLETED,2026-02-28 10:00:00,2026-02-28 10:00:00,ONLINE,REF-2026-RR003,,
TXN-2026-000063,ACC-100029,CUST-B019,CREDIT,3400.00,USD,3400.00,Startup Inc,PAYROLL,Monthly salary deposit,COMPLETED,2026-03-07 08:00:00,2026-03-07 08:00:00,ACH,REF-2026-SS001,,
TXN-2026-000064,ACC-100029,CUST-B019,DEBIT,800.00,USD,2600.00,Landlord LLC,RENT,Monthly rent March 2026,COMPLETED,2026-03-01 08:00:00,2026-03-01 08:00:00,ONLINE,REF-2026-SS002,,
TXN-2026-000065,ACC-100029,CUST-B019,WITHDRAWAL,500.00,USD,3400.00,ATM — Main St Branch,ATM,ATM cash withdrawal,FAILED,2026-03-15 18:30:00,,ATM,REF-2026-SS003,DAILY_LIMIT_REACHED,Daily ATM/debit limit of $1000 already reached earlier today. Withdrawal declined.
TXN-2026-000066,ACC-100029,CUST-B019,TRANSFER,500.00,USD,3400.00,Venmo Transfer,TRANSFER,P2P transfer via Venmo,PENDING,2026-03-15 20:00:00,,MOBILE,REF-2026-SS004,,Transfer initiated via mobile app. Processing overnight.
TXN-2026-000067,ACC-100030,CUST-B020,CREDIT,3200.00,USD,2800.00,Boutique Corp,PAYROLL,Monthly salary deposit,COMPLETED,2026-03-07 08:00:00,2026-03-07 08:00:00,ACH,REF-2026-TT001,,
TXN-2026-000068,ACC-100030,CUST-B020,WIRE,1500.00,USD,1300.00,Laurent Family France,WIRE,International wire transfer to France — family,COMPLETED,2026-03-10 10:00:00,2026-03-10 10:45:00,ONLINE,REF-2026-TT002,,EUR equivalent transferred. Exchange rate applied.
TXN-2026-000069,ACC-100030,CUST-B020,PAYMENT,375.00,USD,2800.00,Digital Bank Loans,FINANCIAL_SERVICES,Personal loan payment — LOAN-2022-0004 March 2026,COMPLETED,2026-03-01 09:00:00,2026-03-01 09:00:00,ONLINE,REF-2026-TT003,,
TXN-2026-000070,ACC-100004,CUST-B002,CREDIT,5000.00,USD,85000.00,Digital Bank,FINANCIAL_SERVICES,Monthly interest credit on savings,COMPLETED,2026-02-28 23:59:00,2026-02-28 23:59:00,SYSTEM,REF-2026-BB006,,Interest at 3.00% APY prorated monthly
TXN-2026-000071,ACC-100031,CUST-B072,DEBIT,508.52,USD,1381.77,Amazon,ONLINE_RETAIL,Debit at Amazon,FAILED,2026-04-09 15:56:28,,MOBILE,REF-9A34C161,LIMIT_EXCEEDED,
TXN-2026-000072,ACC-100031,CUST-B072,PAYMENT,920.70,USD,461.07,Comcast,UTILITIES,Payment at Comcast,COMPLETED,2025-08-24 17:51:20,2025-08-24 18:34:20,SYSTEM,REF-84B66799,,
TXN-2026-000073,ACC-100031,CUST-B072,DEBIT,19.66,USD,441.41,AT&T,TELECOM,Debit at AT&T,COMPLETED,2026-02-13 05:36:00,2026-02-13 06:29:00,SYSTEM,REF-FDFC8DC5,,
TXN-2026-000074,ACC-100031,CUST-B072,CREDIT,600.46,USD,1041.87,Venmo,TRANSFER,Credit at Venmo,FAILED,2025-07-12 23:36:26,,ATM,REF-493B3CBD,LIMIT_EXCEEDED,
TXN-2026-000075,ACC-100031,CUST-B072,CREDIT,380.78,USD,1422.65,Chevron,GAS,Credit at Chevron,COMPLETED,2025-12-18 21:31:32,2025-12-18 22:28:32,SYSTEM,REF-866E8F0B,,
TXN-2026-000076,ACC-100031,CUST-B072,PAYMENT,1363.11,USD,59.54,AT&T,TELECOM,Payment at AT&T,COMPLETED,2026-03-08 02:50:48,,ATM,REF-47E90DFF,,
TXN-2026-000077,ACC-100031,CUST-B072,WIRE,812.17,USD,0.00,Chevron,GAS,Wire at Chevron,PENDING,2026-03-14 02:50:27,,SYSTEM,REF-D7B001B9,,
TXN-2026-000078,ACC-100031,CUST-B072,PAYMENT,1454.47,USD,0.00,DoorDash,FOOD_DELIVERY,Payment at DoorDash,PENDING,2025-08-26 08:34:30,2025-08-26 09:14:30,ATM,REF-C11E18EA,,
TXN-2026-000079,ACC-100032,CUST-B091,DEBIT,1682.07,USD,35065.41,Chipotle,RESTAURANT,Debit at Chipotle,COMPLETED,2026-01-03 19:14:56,2026-01-03 19:20:56,ATM,REF-8E8A4412,,
TXN-2026-000080,ACC-100032,CUST-B091,DEBIT,1894.11,USD,33171.30,H&M,RETAIL,Debit at H&M,COMPLETED,2025-10-09 08:19:16,2025-10-09 08:33:16,ATM,REF-15C470F3,,
TXN-2026-000081,ACC-100032,CUST-B091,PAYMENT,746.51,USD,32424.79,Verizon,TELECOM,Payment at Verizon,COMPLETED,2026-01-14 09:54:52,2026-01-14 10:48:52,POS,REF-530EA79F,,
TXN-2026-000082,ACC-100032,CUST-B091,DEBIT,947.08,USD,31477.71,Digital Bank Loans,FINANCIAL_SERVICES,Debit at Digital Bank Loans,COMPLETED,2025-08-15 13:16:46,2025-08-15 14:11:46,SYSTEM,REF-42341302,,
TXN-2026-000083,ACC-100032,CUST-B091,WIRE,112.85,USD,31364.86,Chipotle,RESTAURANT,Wire at Chipotle,COMPLETED,2026-04-28 18:05:30,2026-04-28 18:17:30,SYSTEM,REF-3DB2213A,,
TXN-2026-000084,ACC-100032,CUST-B091,DEBIT,636.18,USD,30728.68,Airbnb,TRAVEL,Debit at Airbnb,COMPLETED,2026-03-05 22:30:48,2026-03-05 22:35:48,ONLINE,REF-CD39C3AF,,
TXN-2026-000085,ACC-100032,CUST-B091,DEBIT,14.40,USD,30714.28,CVS Pharmacy,HEALTH,Debit at CVS Pharmacy,COMPLETED,2025-09-15 05:27:52,2025-09-15 06:16:52,ONLINE,REF-55248BD1,,
TXN-2026-000086,ACC-100032,CUST-B091,DEBIT,263.16,USD,30451.12,United Airlines,TRAVEL,Debit at United Airlines,COMPLETED,2025-11-16 10:29:00,2025-11-16 10:54:00,MOBILE,REF-0EA8C6E6,,
TXN-2026-000087,ACC-100033,CUST-B090,DEBIT,1069.90,USD,4137.24,Amazon,ONLINE_RETAIL,Debit at Amazon,FAILED,2026-03-11 18:14:10,,POS,REF-A89C8D60,ACCOUNT_FROZEN,
TXN-2026-000088,ACC-100033,CUST-B090,DEBIT,456.40,USD,3680.84,Amazon,ONLINE_RETAIL,Debit at Amazon,COMPLETED,2025-10-12 17:34:21,2025-10-12 17:40:21,SYSTEM,REF-2A01BD20,,
TXN-2026-000089,ACC-100033,CUST-B090,DEBIT,135.25,USD,3545.59,Chipotle,RESTAURANT,Debit at Chipotle,COMPLETED,2025-06-18 18:07:33,2025-06-18 18:25:33,SYSTEM,REF-A542C460,,
TXN-2026-000090,ACC-100033,CUST-B090,PAYMENT,870.16,USD,2675.43,Venmo,TRANSFER,Payment at Venmo,FAILED,2026-02-22 17:15:17,,ATM,REF-96FA048D,CARD_DECLINED,
TXN-2026-000091,ACC-100033,CUST-B090,DEBIT,1896.43,USD,779.00,DoorDash,FOOD_DELIVERY,Debit at DoorDash,COMPLETED,2026-04-12 08:27:57,2026-04-12 08:41:57,ONLINE,REF-EAD441E6,,
TXN-2026-000092,ACC-100033,CUST-B090,DEBIT,1181.44,USD,0.00,Grubhub,FOOD_DELIVERY,Debit at Grubhub,COMPLETED,2025-08-05 15:03:07,2025-08-05 15:48:07,POS,REF-1A47A077,,
TXN-2026-000093,ACC-100033,CUST-B090,CREDIT,1543.64,USD,1543.64,Comcast,UTILITIES,Credit at Comcast,FAILED,2026-01-29 00:02:13,,POS,REF-B92F62F2,INSUFFICIENT_FUNDS,
TXN-2026-000094,ACC-100034,CUST-B182,WIRE,891.41,USD,599.57,Home Depot,HOME_IMPROVEMENT,Wire at Home Depot,PENDING,2025-07-18 23:59:22,2025-07-19 00:29:22,ONLINE,REF-2B633F56,,
TXN-2026-000095,ACC-100034,CUST-B182,CREDIT,844.64,USD,1444.21,Amazon,ONLINE_RETAIL,Credit at Amazon,COMPLETED,2025-07-10 05:12:01,2025-07-10 05:29:01,ONLINE,REF-0BEF4190,,
TXN-2026-000096,ACC-100034,CUST-B182,DEBIT,1025.61,USD,418.60,Verizon,TELECOM,Debit at Verizon,PENDING,2026-01-26 21:21:44,2026-01-26 21:28:44,MOBILE,REF-44F45FFB,,
TXN-2026-000097,ACC-100034,CUST-B182,DEBIT,1557.03,USD,0.00,DoorDash,FOOD_DELIVERY,Debit at DoorDash,COMPLETED,2026-04-19 22:07:50,2026-04-19 22:19:50,MOBILE,REF-B414E2B6,,
TXN-2026-000098,ACC-100035,CUST-B142,DEBIT,1098.54,USD,31585.94,Uber,TRANSPORT,Debit at Uber,COMPLETED,2025-08-20 15:50:53,2025-08-20 16:20:53,POS,REF-2B9D2ECC,,
TXN-2026-000099,ACC-100035,CUST-B142,DEBIT,1814.23,USD,29771.71,Amazon,ONLINE_RETAIL,Debit at Amazon,COMPLETED,2026-04-21 08:55:40,2026-04-21 09:26:40,POS,REF-2A9241AE,,
TXN-2026-000100,ACC-100035,CUST-B142,DEBIT,1448.51,USD,28323.20,Hilton Hotels,TRAVEL,Debit at Hilton Hotels,COMPLETED,2025-07-10 08:05:44,2025-07-10 08:46:44,ATM,REF-7D5CC68F,,
TXN-2026-000101,ACC-100035,CUST-B142,TRANSFER,104.91,USD,28218.29,Chevron,GAS,Transfer at Chevron,FAILED,2026-04-12 19:22:19,,ATM,REF-2AB81DCC,LIMIT_EXCEEDED,
TXN-2026-000102,ACC-100035,CUST-B142,DEBIT,194.52,USD,28023.77,LA Fitness,FITNESS,Debit at LA Fitness,FAILED,2026-03-22 10:58:24,,ATM,REF-E55FAA3F,ACCOUNT_FROZEN,
TXN-2026-000103,ACC-100035,CUST-B142,TRANSFER,1910.40,USD,26113.37,Chase Bank ATM,ATM,Transfer at Chase Bank ATM,COMPLETED,2025-09-13 04:49:29,2025-09-13 04:54:29,ATM,REF-E5D5C9CC,,
TXN-2026-000104,ACC-100036,CUST-B021,WIRE,803.50,USD,59047.19,Home Depot,HOME_IMPROVEMENT,Wire at Home Depot,COMPLETED,2025-11-25 07:14:56,2025-11-25 07:38:56,MOBILE,REF-03CC400C,,
TXN-2026-000105,ACC-100036,CUST-B021,DEBIT,230.55,USD,58816.64,Verizon,TELECOM,Debit at Verizon,PENDING,2026-02-26 08:46:24,2026-02-26 09:46:24,POS,REF-55D4875D,,
TXN-2026-000106,ACC-100036,CUST-B021,TRANSFER,1605.52,USD,57211.12,Verizon,TELECOM,Transfer at Verizon,COMPLETED,2026-02-19 11:04:56,2026-02-19 11:43:56,ATM,REF-EB0C48E3,,
TXN-2026-000107,ACC-100036,CUST-B021,DEBIT,1725.84,USD,55485.28,Zelle,TRANSFER,Debit at Zelle,COMPLETED,2026-04-22 15:43:35,2026-04-22 16:40:35,MOBILE,REF-0BBC75B6,,
TXN-2026-000108,ACC-100036,CUST-B021,WIRE,884.17,USD,54601.11,Home Depot,HOME_IMPROVEMENT,Wire at Home Depot,COMPLETED,2025-06-25 14:20:05,2025-06-25 14:40:05,SYSTEM,REF-3C0A83B6,,
TXN-2026-000109,ACC-100037,CUST-B046,DEBIT,1955.90,USD,3587.67,Zara,RETAIL,Debit at Zara,COMPLETED,2026-02-16 03:24:06,2026-02-16 03:57:06,SYSTEM,REF-38A23EC6,,
TXN-2026-000110,ACC-100037,CUST-B046,WIRE,1325.12,USD,2262.55,Best Buy,ELECTRONICS,Wire at Best Buy,COMPLETED,2025-09-05 12:54:19,2025-09-05 13:36:19,MOBILE,REF-FFE4CA82,,
TXN-2026-000111,ACC-100037,CUST-B046,DEBIT,28.23,USD,2234.32,Spotify,SUBSCRIPTION,Debit at Spotify,FAILED,2025-07-31 22:40:08,,POS,REF-0827F6A6,ACCOUNT_FROZEN,
TXN-2026-000112,ACC-100037,CUST-B046,PAYMENT,485.58,USD,1748.74,United Airlines,TRAVEL,Payment at United Airlines,COMPLETED,2025-09-17 00:36:44,,MOBILE,REF-6998F178,,
TXN-2026-000113,ACC-100037,CUST-B046,DEBIT,162.27,USD,1586.47,AT&T,TELECOM,Debit at AT&T,COMPLETED,2025-11-20 12:08:25,2025-11-20 12:36:25,MOBILE,REF-EDEDADB9,,
TXN-2026-000114,ACC-100037,CUST-B046,PAYMENT,241.82,USD,1344.65,Planet Fitness,FITNESS,Payment at Planet Fitness,COMPLETED,2025-12-11 03:51:20,2025-12-11 03:52:20,MOBILE,REF-62FB8546,,
TXN-2026-000115,ACC-100037,CUST-B046,DEBIT,1652.69,USD,0.00,Target,RETAIL,Debit at Target,COMPLETED,2026-04-04 11:57:18,2026-04-04 12:36:18,SYSTEM,REF-16DD9F88,,
TXN-2026-000116,ACC-100037,CUST-B046,DEBIT,1310.92,USD,0.00,H&M,RETAIL,Debit at H&M,PENDING,2025-11-25 04:09:57,2025-11-25 04:32:57,ONLINE,REF-CD06F532,,
TXN-2026-000117,ACC-100037,CUST-B046,PAYMENT,1122.50,USD,0.00,Airbnb,TRAVEL,Payment at Airbnb,COMPLETED,2026-01-27 16:33:46,2026-01-27 17:18:46,MOBILE,REF-B3B922D7,,
TXN-2026-000118,ACC-100038,CUST-B137,DEBIT,9.38,USD,75870.41,Best Buy,ELECTRONICS,Debit at Best Buy,COMPLETED,2025-10-16 22:08:06,2025-10-16 22:59:06,SYSTEM,REF-8C365AA9,,
TXN-2026-000119,ACC-100038,CUST-B137,DEBIT,96.33,USD,75774.08,PG&E,UTILITIES,Debit at PG&E,PENDING,2025-08-03 18:02:20,2025-08-03 18:54:20,MOBILE,REF-67E556F4,,
TXN-2026-000120,ACC-100038,CUST-B137,CREDIT,1223.65,USD,76997.73,Best Buy,ELECTRONICS,Credit at Best Buy,COMPLETED,2025-08-12 20:01:52,2025-08-12 20:55:52,MOBILE,REF-D98F48DF,,
TXN-2026-000121,ACC-100038,CUST-B137,PAYMENT,219.99,USD,76777.74,DoorDash,FOOD_DELIVERY,Payment at DoorDash,COMPLETED,2025-11-08 23:08:37,,SYSTEM,REF-BF605FBD,,
TXN-2026-000122,ACC-100039,CUST-B188,TRANSFER,1318.62,USD,106611.81,Planet Fitness,FITNESS,Transfer at Planet Fitness,COMPLETED,2025-12-13 19:27:43,2025-12-13 19:58:43,POS,REF-315E4AE2,,
TXN-2026-000123,ACC-100039,CUST-B188,WIRE,1678.44,USD,104933.37,H&M,RETAIL,Wire at H&M,FAILED,2025-12-05 13:15:07,,SYSTEM,REF-7D18793A,ACCOUNT_FROZEN,
TXN-2026-000124,ACC-100039,CUST-B188,DEBIT,211.59,USD,104721.78,Lyft,TRANSPORT,Debit at Lyft,COMPLETED,2026-02-11 08:32:50,2026-02-11 09:28:50,MOBILE,REF-C027B2CC,,
TXN-2026-000125,ACC-100039,CUST-B188,DEBIT,550.82,USD,104170.96,Verizon,TELECOM,Debit at Verizon,PENDING,2025-10-12 03:40:32,2025-10-12 04:08:32,ONLINE,REF-938F26E6,,
TXN-2026-000126,ACC-100040,CUST-B168,CREDIT,1686.93,USD,93524.63,Venmo,TRANSFER,Credit at Venmo,PENDING,2025-12-30 17:55:18,2025-12-30 18:40:18,SYSTEM,REF-D34A4E58,,
TXN-2026-000127,ACC-100040,CUST-B168,DEBIT,423.38,USD,93101.25,Grubhub,FOOD_DELIVERY,Debit at Grubhub,FAILED,2026-03-05 10:32:47,,ONLINE,REF-C9681A0E,ACCOUNT_FROZEN,
TXN-2026-000128,ACC-100040,CUST-B168,PAYMENT,1422.15,USD,91679.10,Hilton Hotels,TRAVEL,Payment at Hilton Hotels,COMPLETED,2026-03-23 10:56:13,2026-03-23 11:26:13,MOBILE,REF-004929C0,,
TXN-2026-000129,ACC-100040,CUST-B168,CREDIT,1755.57,USD,93434.67,Nordstrom,RETAIL,Credit at Nordstrom,COMPLETED,2025-11-12 00:55:34,2025-11-12 01:28:34,MOBILE,REF-2B606DA8,,
TXN-2026-000130,ACC-100040,CUST-B168,DEBIT,1342.16,USD,92092.51,Spotify,SUBSCRIPTION,Debit at Spotify,COMPLETED,2025-08-17 15:13:32,2025-08-17 16:03:32,ATM,REF-AD232876,,
TXN-2026-000131,ACC-100040,CUST-B168,DEBIT,1679.57,USD,90412.94,Chevron,GAS,Debit at Chevron,PENDING,2026-02-24 04:48:37,2026-02-24 05:01:37,POS,REF-8D107657,,
TXN-2026-000132,ACC-100040,CUST-B168,TRANSFER,209.45,USD,90203.49,Chase Bank ATM,ATM,Transfer at Chase Bank ATM,COMPLETED,2026-02-18 08:21:31,2026-02-18 09:16:31,SYSTEM,REF-B46EF8AC,,
TXN-2026-000133,ACC-100041,CUST-B153,CREDIT,1387.41,USD,29512.20,BP,GAS,Credit at BP,COMPLETED,2025-06-19 05:53:03,2025-06-19 06:17:03,ATM,REF-40A9C6E2,,
TXN-2026-000134,ACC-100041,CUST-B153,DEBIT,30.87,USD,29481.33,H&M,RETAIL,Debit at H&M,PENDING,2025-09-06 14:40:08,2025-09-06 15:35:08,MOBILE,REF-8C8651AD,,
TXN-2026-000135,ACC-100041,CUST-B153,PAYMENT,1511.44,USD,27969.89,Shell,GAS,Payment at Shell,PENDING,2025-12-30 06:49:20,2025-12-30 07:01:20,ONLINE,REF-9168018D,,
TXN-2026-000136,ACC-100041,CUST-B153,TRANSFER,358.96,USD,27610.93,McDonald's,RESTAURANT,Transfer at McDonald's,FAILED,2026-02-21 02:50:30,,MOBILE,REF-888270B1,INSUFFICIENT_FUNDS,
TXN-2026-000137,ACC-100041,CUST-B153,WIRE,561.83,USD,27049.10,Target,RETAIL,Wire at Target,PENDING,2025-09-11 14:53:29,2025-09-11 15:30:29,POS,REF-903C4D41,,
TXN-2026-000138,ACC-100041,CUST-B153,TRANSFER,1420.83,USD,25628.27,Walgreens,HEALTH,Transfer at Walgreens,FAILED,2025-07-31 02:53:37,,SYSTEM,REF-0A03EA34,INSUFFICIENT_FUNDS,
TXN-2026-000139,ACC-100041,CUST-B153,TRANSFER,1580.87,USD,24047.40,Chipotle,RESTAURANT,Transfer at Chipotle,PENDING,2025-12-31 15:51:52,2025-12-31 16:41:52,SYSTEM,REF-C0050FEB,,
TXN-2026-000140,ACC-100042,CUST-B105,DEBIT,1573.59,USD,36163.49,Lyft,TRANSPORT,Debit at Lyft,COMPLETED,2025-08-01 21:26:26,2025-08-01 22:00:26,ATM,REF-A5810DE5,,
TXN-2026-000141,ACC-100042,CUST-B105,DEBIT,1328.35,USD,34835.14,Shell,GAS,Debit at Shell,FAILED,2025-10-07 13:45:49,,SYSTEM,REF-19D3D203,CARD_DECLINED,
TXN-2026-000142,ACC-100042,CUST-B105,DEBIT,1339.53,USD,33495.61,Amazon,ONLINE_RETAIL,Debit at Amazon,COMPLETED,2025-11-21 01:55:11,2025-11-21 02:36:11,SYSTEM,REF-1FD6E7BA,,
TXN-2026-000143,ACC-100042,CUST-B105,DEBIT,1366.69,USD,32128.92,BP,GAS,Debit at BP,FAILED,2025-10-03 15:20:59,,ATM,REF-817B3F61,CARD_DECLINED,
TXN-2026-000144,ACC-100042,CUST-B105,CREDIT,54.29,USD,32183.21,Nordstrom,RETAIL,Credit at Nordstrom,COMPLETED,2025-12-18 17:33:26,2025-12-18 17:56:26,SYSTEM,REF-90A1F12F,,
TXN-2026-000145,ACC-100043,CUST-B084,DEBIT,596.39,USD,4158.14,United Airlines,TRAVEL,Debit at United Airlines,COMPLETED,2026-02-09 00:40:58,2026-02-09 01:12:58,POS,REF-4986B2B5,,
TXN-2026-000146,ACC-100043,CUST-B084,DEBIT,1255.73,USD,2902.41,Uber,TRANSPORT,Debit at Uber,COMPLETED,2025-08-21 20:37:32,2025-08-21 21:26:32,MOBILE,REF-B29BAB8E,,
TXN-2026-000147,ACC-100043,CUST-B084,DEBIT,1077.82,USD,1824.59,Best Buy,ELECTRONICS,Debit at Best Buy,PENDING,2026-02-28 22:02:17,2026-02-28 22:49:17,POS,REF-57D7B4BD,,
TXN-2026-000148,ACC-100043,CUST-B084,DEBIT,921.15,USD,903.44,Spotify,SUBSCRIPTION,Debit at Spotify,COMPLETED,2025-10-07 19:48:41,,ONLINE,REF-A053443D,,
TXN-2026-000149,ACC-100043,CUST-B084,DEBIT,1152.05,USD,0.00,Chevron,GAS,Debit at Chevron,COMPLETED,2025-08-28 09:48:39,2025-08-28 10:14:39,MOBILE,REF-363080B7,,
TXN-2026-000150,ACC-100043,CUST-B084,PAYMENT,38.70,USD,0.00,LA Fitness,FITNESS,Payment at LA Fitness,COMPLETED,2026-02-17 11:35:56,2026-02-17 11:35:56,SYSTEM,REF-09BC3ED7,,
TXN-2026-000151,ACC-100043,CUST-B084,DEBIT,1403.26,USD,0.00,Costco,GROCERY,Debit at Costco,COMPLETED,2025-06-29 04:34:57,2025-06-29 05:06:57,ATM,REF-9FD8663C,,
TXN-2026-000152,ACC-100044,CUST-B118,CREDIT,1531.72,USD,10747.54,Apple Store,ELECTRONICS,Credit at Apple Store,COMPLETED,2025-11-17 23:26:14,2025-11-18 00:18:14,MOBILE,REF-B7CF4288,,
TXN-2026-000153,ACC-100044,CUST-B118,DEBIT,277.08,USD,10470.46,Uber,TRANSPORT,Debit at Uber,COMPLETED,2025-10-30 20:18:53,2025-10-30 21:12:53,ONLINE,REF-F19CF772,,
TXN-2026-000154,ACC-100044,CUST-B118,PAYMENT,1915.00,USD,8555.46,Chipotle,RESTAURANT,Payment at Chipotle,COMPLETED,2025-06-05 07:55:38,2025-06-05 08:30:38,POS,REF-BA898EC4,,
TXN-2026-000155,ACC-100044,CUST-B118,WIRE,1076.62,USD,7478.84,Amazon,ONLINE_RETAIL,Wire at Amazon,PENDING,2025-07-04 01:26:23,2025-07-04 02:13:23,ATM,REF-454E549E,,
TXN-2026-000156,ACC-100044,CUST-B118,WIRE,1811.73,USD,5667.11,Grubhub,FOOD_DELIVERY,Wire at Grubhub,COMPLETED,2026-04-27 16:10:18,2026-04-27 16:20:18,SYSTEM,REF-EBAF244E,,
TXN-2026-000157,ACC-100044,CUST-B118,DEBIT,233.67,USD,5433.44,Chevron,GAS,Debit at Chevron,COMPLETED,2026-02-16 13:58:02,2026-02-16 14:52:02,SYSTEM,REF-C920C20B,,
TXN-2026-000158,ACC-100044,CUST-B118,DEBIT,584.85,USD,4848.59,Airbnb,TRAVEL,Debit at Airbnb,PENDING,2025-06-27 03:51:59,2025-06-27 04:03:59,MOBILE,REF-3B902496,,
TXN-2026-000159,ACC-100044,CUST-B118,PAYMENT,260.79,USD,4587.80,Walgreens,HEALTH,Payment at Walgreens,COMPLETED,2026-02-10 13:27:03,2026-02-10 13:45:03,ONLINE,REF-B5BC5CBC,,
TXN-2026-000160,ACC-100045,CUST-B022,TRANSFER,660.05,USD,111626.31,United Airlines,TRAVEL,Transfer at United Airlines,COMPLETED,2026-02-12 02:15:39,2026-02-12 02:52:39,SYSTEM,REF-6F500694,,
TXN-2026-000161,ACC-100045,CUST-B022,PAYMENT,1917.52,USD,109708.79,PG&E,UTILITIES,Payment at PG&E,COMPLETED,2025-08-05 11:50:03,,ONLINE,REF-A37BCBB9,,
TXN-2026-000162,ACC-100045,CUST-B022,CREDIT,1681.02,USD,111389.81,LA Fitness,FITNESS,Credit at LA Fitness,FAILED,2025-07-23 03:49:15,,MOBILE,REF-70FFB749,CARD_DECLINED,
TXN-2026-000163,ACC-100045,CUST-B022,CREDIT,976.51,USD,112366.32,Chase Bank ATM,ATM,Credit at Chase Bank ATM,COMPLETED,2025-07-13 06:23:37,2025-07-13 07:01:37,ATM,REF-9FD9E56C,,
TXN-2026-000164,ACC-100045,CUST-B022,DEBIT,530.15,USD,111836.17,Netflix,SUBSCRIPTION,Debit at Netflix,COMPLETED,2026-01-30 08:30:40,,POS,REF-1A68E03D,,
TXN-2026-000165,ACC-100045,CUST-B022,DEBIT,1626.22,USD,110209.95,Hilton Hotels,TRAVEL,Debit at Hilton Hotels,COMPLETED,2026-01-11 19:44:47,2026-01-11 20:21:47,POS,REF-9E691A54,,
TXN-2026-000166,ACC-100046,CUST-B199,TRANSFER,1309.55,USD,40005.50,Chevron,GAS,Transfer at Chevron,FAILED,2025-07-28 17:21:35,,ONLINE,REF-73F5E1CC,LIMIT_EXCEEDED,
TXN-2026-000167,ACC-100046,CUST-B199,DEBIT,796.59,USD,39208.91,Airbnb,TRAVEL,Debit at Airbnb,COMPLETED,2025-12-13 00:32:17,,SYSTEM,REF-C2BB64C2,,
TXN-2026-000168,ACC-100046,CUST-B199,DEBIT,895.21,USD,38313.70,Uber,TRANSPORT,Debit at Uber,COMPLETED,2025-08-09 13:45:14,2025-08-09 14:21:14,ONLINE,REF-7B59F045,,
TXN-2026-000169,ACC-100046,CUST-B199,PAYMENT,85.64,USD,38228.06,Delta Airlines,TRAVEL,Payment at Delta Airlines,COMPLETED,2026-03-23 17:26:13,2026-03-23 17:30:13,ONLINE,REF-617231F3,,
TXN-2026-000170,ACC-100046,CUST-B199,DEBIT,1038.18,USD,37189.88,Target,RETAIL,Debit at Target,FAILED,2026-04-04 08:56:46,,POS,REF-5ED7068D,INSUFFICIENT_FUNDS,
TXN-2026-000171,ACC-100046,CUST-B199,DEBIT,1408.95,USD,35780.93,CVS Pharmacy,HEALTH,Debit at CVS Pharmacy,PENDING,2025-12-20 11:32:51,2025-12-20 11:49:51,ATM,REF-E50C78F0,,
TXN-2026-000172,ACC-100046,CUST-B199,DEBIT,756.44,USD,35024.49,Digital Bank Loans,FINANCIAL_SERVICES,Debit at Digital Bank Loans,FAILED,2025-10-26 00:02:53,,SYSTEM,REF-E1EE9062,INSUFFICIENT_FUNDS,
TXN-2026-000173,ACC-100046,CUST-B199,WIRE,1945.48,USD,33079.01,Chevron,GAS,Wire at Chevron,PENDING,2025-08-26 13:34:17,2025-08-26 13:56:17,ATM,REF-CE34080C,,
TXN-2026-000174,ACC-100047,CUST-B049,DEBIT,1006.16,USD,0.00,Delta Airlines,TRAVEL,Debit at Delta Airlines,COMPLETED,2025-07-24 23:16:42,2025-07-24 23:30:42,ATM,REF-88336CB3,,
TXN-2026-000175,ACC-100047,CUST-B049,DEBIT,377.88,USD,0.00,Grubhub,FOOD_DELIVERY,Debit at Grubhub,COMPLETED,2025-10-19 16:09:45,2025-10-19 17:01:45,ONLINE,REF-69AD383A,,
TXN-2026-000176,ACC-100047,CUST-B049,PAYMENT,1441.91,USD,0.00,Verizon,TELECOM,Payment at Verizon,COMPLETED,2025-12-05 00:03:37,2025-12-05 00:33:37,ONLINE,REF-59C007FE,,
TXN-2026-000177,ACC-100047,CUST-B049,DEBIT,491.12,USD,0.00,Verizon,TELECOM,Debit at Verizon,COMPLETED,2025-07-20 15:58:32,2025-07-20 16:08:32,SYSTEM,REF-F2924345,,
TXN-2026-000178,ACC-100047,CUST-B049,DEBIT,116.54,USD,0.00,Target,RETAIL,Debit at Target,FAILED,2025-09-09 07:09:15,,ATM,REF-F2AD60A1,INSUFFICIENT_FUNDS,
TXN-2026-000179,ACC-100047,CUST-B049,DEBIT,901.16,USD,0.00,Apple Store,ELECTRONICS,Debit at Apple Store,COMPLETED,2025-12-01 01:53:30,2025-12-01 02:03:30,MOBILE,REF-DBE93372,,
TXN-2026-000180,ACC-100047,CUST-B049,DEBIT,1590.26,USD,0.00,Venmo,TRANSFER,Debit at Venmo,COMPLETED,2026-04-15 15:10:40,2026-04-15 15:49:40,ATM,REF-82162574,,
TXN-2026-000181,ACC-100048,CUST-B140,TRANSFER,1195.08,USD,65360.08,Walgreens,HEALTH,Transfer at Walgreens,COMPLETED,2025-06-27 17:39:44,2025-06-27 18:03:44,POS,REF-8988A9F7,,
TXN-2026-000182,ACC-100048,CUST-B140,WIRE,1653.90,USD,63706.18,DoorDash,FOOD_DELIVERY,Wire at DoorDash,COMPLETED,2026-01-22 03:46:18,,SYSTEM,REF-56662CAC,,
TXN-2026-000183,ACC-100048,CUST-B140,DEBIT,1756.12,USD,61950.06,Venmo,TRANSFER,Debit at Venmo,COMPLETED,2025-12-24 09:17:10,2025-12-24 09:24:10,ONLINE,REF-658AE95B,,
TXN-2026-000184,ACC-100048,CUST-B140,DEBIT,1794.45,USD,60155.61,Venmo,TRANSFER,Debit at Venmo,COMPLETED,2026-03-28 22:18:56,2026-03-28 22:45:56,ATM,REF-60041A9E,,
TXN-2026-000185,ACC-100048,CUST-B140,WIRE,462.83,USD,59692.78,Target,RETAIL,Wire at Target,COMPLETED,2026-04-08 13:58:47,2026-04-08 14:47:47,SYSTEM,REF-FAD806F5,,
TXN-2026-000186,ACC-100049,CUST-B122,DEBIT,853.85,USD,21927.08,Zara,RETAIL,Debit at Zara,FAILED,2025-09-07 20:16:47,,ATM,REF-53BA9F4D,INSUFFICIENT_FUNDS,
TXN-2026-000187,ACC-100049,CUST-B122,WIRE,519.32,USD,21407.76,Venmo,TRANSFER,Wire at Venmo,COMPLETED,2025-06-03 02:58:44,2025-06-03 03:48:44,SYSTEM,REF-5FE56CDD,,
TXN-2026-000188,ACC-100049,CUST-B122,DEBIT,753.18,USD,20654.58,Home Depot,HOME_IMPROVEMENT,Debit at Home Depot,COMPLETED,2025-08-19 18:38:27,2025-08-19 18:58:27,POS,REF-BA8A1A87,,
TXN-2026-000189,ACC-100049,CUST-B122,WIRE,1304.89,USD,19349.69,Spotify,SUBSCRIPTION,Wire at Spotify,COMPLETED,2025-09-07 12:01:42,2025-09-07 12:35:42,ATM,REF-7DD70EB9,,
TXN-2026-000190,ACC-100049,CUST-B122,CREDIT,1983.64,USD,21333.33,Zelle,TRANSFER,Credit at Zelle,COMPLETED,2025-11-02 08:32:28,2025-11-02 08:58:28,SYSTEM,REF-61F065F8,,
TXN-2026-000191,ACC-100049,CUST-B122,DEBIT,743.57,USD,20589.76,Delta Airlines,TRAVEL,Debit at Delta Airlines,COMPLETED,2026-01-02 12:08:55,2026-01-02 12:27:55,MOBILE,REF-DE3346B5,,
TXN-2026-000192,ACC-100049,CUST-B122,DEBIT,1496.89,USD,19092.87,Netflix,SUBSCRIPTION,Debit at Netflix,COMPLETED,2025-11-21 10:33:57,2025-11-21 11:33:57,ONLINE,REF-CB9E7D8B,,
TXN-2026-000193,ACC-100049,CUST-B122,WIRE,1573.23,USD,17519.64,Hilton Hotels,TRAVEL,Wire at Hilton Hotels,COMPLETED,2026-04-08 00:29:52,2026-04-08 01:13:52,POS,REF-4A936E35,,
TXN-2026-000194,ACC-100049,CUST-B122,WIRE,1929.32,USD,15590.32,Uber,TRANSPORT,Wire at Uber,COMPLETED,2025-06-03 01:18:44,2025-06-03 02:10:44,SYSTEM,REF-F74B6F5C,,
TXN-2026-000195,ACC-100050,CUST-B148,DEBIT,529.87,USD,4615.14,Apple Store,ELECTRONICS,Debit at Apple Store,COMPLETED,2025-10-23 00:26:02,,MOBILE,REF-97D75CC7,,
TXN-2026-000196,ACC-100050,CUST-B148,CREDIT,1424.65,USD,6039.79,AT&T,TELECOM,Credit at AT&T,PENDING,2026-01-19 00:50:52,,ONLINE,REF-5B7AA0CB,,
TXN-2026-000197,ACC-100050,CUST-B148,TRANSFER,26.37,USD,6013.42,United Airlines,TRAVEL,Transfer at United Airlines,COMPLETED,2026-04-27 07:51:53,2026-04-27 08:42:53,ONLINE,REF-B7A0A889,,
TXN-2026-000198,ACC-100050,CUST-B148,DEBIT,1232.30,USD,4781.12,Target,RETAIL,Debit at Target,COMPLETED,2026-02-17 18:21:45,,POS,REF-F4C5CFE9,,
TXN-2026-000199,ACC-100050,CUST-B148,DEBIT,1993.65,USD,2787.47,Uber,TRANSPORT,Debit at Uber,COMPLETED,2026-03-30 19:04:40,2026-03-30 19:46:40,SYSTEM,REF-2C0362AE,,
TXN-2026-000200,ACC-100050,CUST-B148,DEBIT,1475.17,USD,1312.30,DoorDash,FOOD_DELIVERY,Debit at DoorDash,COMPLETED,2025-06-27 15:33:30,2025-06-27 16:08:30,SYSTEM,REF-A1C63447,,
TXN-2026-000201,ACC-100050,CUST-B148,PAYMENT,698.21,USD,614.09,Digital Bank Loans,FINANCIAL_SERVICES,Payment at Digital Bank Loans,FAILED,2026-04-13 17:08:58,,MOBILE,REF-B5F89E82,CARD_DECLINED,
TXN-2026-000202,ACC-100051,CUST-B036,CREDIT,354.19,USD,27504.13,Amazon,ONLINE_RETAIL,Credit at Amazon,COMPLETED,2025-12-14 14:28:51,2025-12-14 14:32:51,ATM,REF-A603ABB7,,
TXN-2026-000203,ACC-100051,CUST-B036,CREDIT,1752.85,USD,29256.98,Home Depot,HOME_IMPROVEMENT,Credit at Home Depot,COMPLETED,2026-04-12 19:04:57,2026-04-12 19:20:57,MOBILE,REF-81DFC576,,
TXN-2026-000204,ACC-100051,CUST-B036,TRANSFER,1541.08,USD,27715.90,Zara,RETAIL,Transfer at Zara,COMPLETED,2026-03-22 04:09:45,2026-03-22 04:58:45,MOBILE,REF-904CE59A,,
TXN-2026-000205,ACC-100051,CUST-B036,DEBIT,966.53,USD,26749.37,Digital Bank Loans,FINANCIAL_SERVICES,Debit at Digital Bank Loans,COMPLETED,2025-09-09 03:03:15,,ONLINE,REF-548C16FE,,
TXN-2026-000206,ACC-100051,CUST-B036,PAYMENT,827.79,USD,25921.58,Shell,GAS,Payment at Shell,PENDING,2025-10-16 03:05:44,2025-10-16 03:05:44,ATM,REF-BCEC95AB,,
TXN-2026-000207,ACC-100051,CUST-B036,CREDIT,190.55,USD,26112.13,BP,GAS,Credit at BP,COMPLETED,2026-02-17 15:19:10,2026-02-17 15:40:10,ONLINE,REF-5BC89438,,
TXN-2026-000208,ACC-100051,CUST-B036,PAYMENT,710.31,USD,25401.82,Delta Airlines,TRAVEL,Payment at Delta Airlines,PENDING,2026-01-09 19:23:21,2026-01-09 20:23:21,ONLINE,REF-4CD53463,,
TXN-2026-000209,ACC-100051,CUST-B036,DEBIT,473.55,USD,24928.27,United Airlines,TRAVEL,Debit at United Airlines,COMPLETED,2025-09-03 00:07:48,2025-09-03 00:20:48,ONLINE,REF-4A64E965,,
TXN-2026-000210,ACC-100052,CUST-B128,DEBIT,1558.98,USD,36779.24,Chase Bank ATM,ATM,Debit at Chase Bank ATM,FAILED,2025-07-17 13:20:54,,SYSTEM,REF-01529385,CARD_DECLINED,
TXN-2026-000211,ACC-100052,CUST-B128,DEBIT,1696.78,USD,35082.46,Amazon,ONLINE_RETAIL,Debit at Amazon,FAILED,2025-10-23 03:48:08,,MOBILE,REF-E2935EEC,LIMIT_EXCEEDED,
TXN-2026-000212,ACC-100052,CUST-B128,CREDIT,798.77,USD,35881.23,Lyft,TRANSPORT,Credit at Lyft,COMPLETED,2026-03-19 08:05:07,2026-03-19 08:08:07,MOBILE,REF-9BC450E2,,
TXN-2026-000213,ACC-100052,CUST-B128,DEBIT,1007.44,USD,34873.79,Delta Airlines,TRAVEL,Debit at Delta Airlines,COMPLETED,2025-10-31 21:42:27,2025-10-31 22:31:27,POS,REF-57D4007E,,
TXN-2026-000214,ACC-100052,CUST-B128,TRANSFER,634.72,USD,34239.07,Marriott,TRAVEL,Transfer at Marriott,COMPLETED,2025-06-04 06:28:01,,SYSTEM,REF-8FF9BDB4,,
TXN-2026-000215,ACC-100052,CUST-B128,PAYMENT,726.40,USD,33512.67,Best Buy,ELECTRONICS,Payment at Best Buy,COMPLETED,2025-09-09 20:35:11,2025-09-09 20:51:11,MOBILE,REF-E9FD07C7,,
TXN-2026-000216,ACC-100052,CUST-B128,PAYMENT,735.02,USD,32777.65,Zelle,TRANSFER,Payment at Zelle,PENDING,2025-12-11 16:52:24,2025-12-11 17:18:24,ATM,REF-C1CC3DBC,,
TXN-2026-000217,ACC-100052,CUST-B128,WIRE,562.86,USD,32214.79,PG&E,UTILITIES,Wire at PG&E,COMPLETED,2025-08-09 20:41:20,2025-08-09 21:17:20,POS,REF-97CFB90E,,
TXN-2026-000218,ACC-100053,CUST-B073,DEBIT,1112.90,USD,3083.55,Starbucks,CAFE,Debit at Starbucks,PENDING,2026-04-29 13:22:33,2026-04-29 13:31:33,ONLINE,REF-897E0425,,
TXN-2026-000219,ACC-100053,CUST-B073,DEBIT,357.33,USD,2726.22,Delta Airlines,TRAVEL,Debit at Delta Airlines,PENDING,2025-12-12 00:35:21,2025-12-12 01:32:21,SYSTEM,REF-C8E0EF65,,
TXN-2026-000220,ACC-100053,CUST-B073,PAYMENT,1571.74,USD,1154.48,Nordstrom,RETAIL,Payment at Nordstrom,COMPLETED,2025-09-25 12:31:16,2025-09-25 13:25:16,MOBILE,REF-7D561B42,,
TXN-2026-000221,ACC-100053,CUST-B073,DEBIT,124.77,USD,1029.71,Best Buy,ELECTRONICS,Debit at Best Buy,COMPLETED,2026-04-13 01:20:03,2026-04-13 02:13:03,MOBILE,REF-CF013019,,
TXN-2026-000222,ACC-100053,CUST-B073,CREDIT,725.12,USD,1754.83,Walgreens,HEALTH,Credit at Walgreens,COMPLETED,2026-01-04 14:50:27,2026-01-04 15:41:27,POS,REF-52D5615E,,
TXN-2026-000223,ACC-100053,CUST-B073,DEBIT,705.43,USD,1049.40,Verizon,TELECOM,Debit at Verizon,COMPLETED,2026-02-19 22:11:57,2026-02-19 22:23:57,SYSTEM,REF-722FB162,,
TXN-2026-000224,ACC-100053,CUST-B073,CREDIT,713.44,USD,1762.84,Lyft,TRANSPORT,Credit at Lyft,PENDING,2026-02-17 10:36:43,2026-02-17 11:25:43,POS,REF-17461505,,
TXN-2026-000225,ACC-100053,CUST-B073,CREDIT,930.19,USD,2693.03,Comcast,UTILITIES,Credit at Comcast,PENDING,2025-07-27 06:05:03,2025-07-27 06:45:03,ATM,REF-BAEBED21,,
TXN-2026-000226,ACC-100053,CUST-B073,WIRE,1698.56,USD,994.47,Verizon,TELECOM,Wire at Verizon,COMPLETED,2025-06-28 16:58:30,,ATM,REF-8B1E77F4,,
TXN-2026-000227,ACC-100054,CUST-B133,CREDIT,1212.74,USD,110527.53,McDonald's,RESTAURANT,Credit at McDonald's,PENDING,2025-11-01 13:54:38,2025-11-01 14:22:38,ATM,REF-CEFA8E10,,
TXN-2026-000228,ACC-100054,CUST-B133,TRANSFER,830.91,USD,109696.62,Digital Bank Loans,FINANCIAL_SERVICES,Transfer at Digital Bank Loans,PENDING,2025-08-11 09:56:36,2025-08-11 10:04:36,ATM,REF-46953299,,
TXN-2026-000229,ACC-100054,CUST-B133,DEBIT,337.99,USD,109358.63,Apple Store,ELECTRONICS,Debit at Apple Store,FAILED,2025-07-11 00:06:59,,SYSTEM,REF-05666BF7,CARD_DECLINED,
TXN-2026-000230,ACC-100054,CUST-B133,DEBIT,1543.01,USD,107815.62,Whole Foods Market,GROCERY,Debit at Whole Foods Market,COMPLETED,2025-12-21 11:52:24,2025-12-21 11:57:24,SYSTEM,REF-D6F14CE0,,
TXN-2026-000231,ACC-100054,CUST-B133,DEBIT,1311.39,USD,106504.23,Spotify,SUBSCRIPTION,Debit at Spotify,PENDING,2025-10-30 09:37:48,2025-10-30 09:52:48,MOBILE,REF-2FBB3579,,
TXN-2026-000232,ACC-100054,CUST-B133,DEBIT,1055.85,USD,105448.38,Netflix,SUBSCRIPTION,Debit at Netflix,COMPLETED,2025-08-06 06:10:54,,ATM,REF-84444F8F,,
TXN-2026-000233,ACC-100055,CUST-B080,CREDIT,1099.35,USD,22420.93,Airbnb,TRAVEL,Credit at Airbnb,COMPLETED,2025-07-23 11:21:43,2025-07-23 12:05:43,SYSTEM,REF-DE8C53F3,,
TXN-2026-000234,ACC-100055,CUST-B080,TRANSFER,1263.94,USD,21156.99,Venmo,TRANSFER,Transfer at Venmo,COMPLETED,2026-02-02 22:33:43,2026-02-02 23:00:43,SYSTEM,REF-CBBFAECE,,
TXN-2026-000235,ACC-100055,CUST-B080,PAYMENT,965.90,USD,20191.09,Chipotle,RESTAURANT,Payment at Chipotle,COMPLETED,2025-08-28 04:59:25,2025-08-28 05:27:25,MOBILE,REF-FA8A52B4,,
TXN-2026-000236,ACC-100055,CUST-B080,DEBIT,610.63,USD,19580.46,Chevron,GAS,Debit at Chevron,PENDING,2025-06-01 00:51:38,2025-06-01 01:39:38,ATM,REF-546EF08A,,
TXN-2026-000237,ACC-100055,CUST-B080,TRANSFER,1072.52,USD,18507.94,McDonald's,RESTAURANT,Transfer at McDonald's,PENDING,2026-02-23 02:28:50,2026-02-23 03:28:50,ATM,REF-E3E5D63F,,
TXN-2026-000238,ACC-100055,CUST-B080,WIRE,1596.94,USD,16911.00,Amazon,ONLINE_RETAIL,Wire at Amazon,COMPLETED,2026-01-18 20:28:41,2026-01-18 20:28:41,ONLINE,REF-FB3F3EDC,,
TXN-2026-000239,ACC-100055,CUST-B080,WIRE,792.53,USD,16118.47,Verizon,TELECOM,Wire at Verizon,COMPLETED,2025-08-03 09:46:55,2025-08-03 10:27:55,MOBILE,REF-91EBA02E,,
TXN-2026-000240,ACC-100056,CUST-B117,DEBIT,847.37,USD,37474.03,Chevron,GAS,Debit at Chevron,FAILED,2025-09-02 00:52:40,,ATM,REF-B7109139,LIMIT_EXCEEDED,
TXN-2026-000241,ACC-100056,CUST-B117,CREDIT,828.74,USD,38302.77,Nordstrom,RETAIL,Credit at Nordstrom,COMPLETED,2026-04-28 11:01:44,,POS,REF-7BC737DE,,
TXN-2026-000242,ACC-100056,CUST-B117,TRANSFER,547.91,USD,37754.86,Airbnb,TRAVEL,Transfer at Airbnb,COMPLETED,2026-01-28 20:29:09,2026-01-28 20:49:09,POS,REF-13AF00DA,,
TXN-2026-000243,ACC-100056,CUST-B117,DEBIT,375.95,USD,37378.91,Nordstrom,RETAIL,Debit at Nordstrom,PENDING,2025-07-10 17:15:28,2025-07-10 17:23:28,POS,REF-307C6997,,
TXN-2026-000244,ACC-100056,CUST-B117,DEBIT,305.61,USD,37073.30,Shell,GAS,Debit at Shell,COMPLETED,2025-12-09 16:29:41,2025-12-09 16:55:41,MOBILE,REF-AB38AEDD,,
TXN-2026-000245,ACC-100057,CUST-B030,DEBIT,663.85,USD,66579.09,Airbnb,TRAVEL,Debit at Airbnb,COMPLETED,2026-04-24 14:25:16,2026-04-24 14:34:16,MOBILE,REF-1A50D1DC,,
TXN-2026-000246,ACC-100057,CUST-B030,TRANSFER,367.30,USD,66211.79,Costco,GROCERY,Transfer at Costco,PENDING,2026-04-23 19:42:52,2026-04-23 20:06:52,POS,REF-6FCB3634,,
TXN-2026-000247,ACC-100057,CUST-B030,WIRE,1543.59,USD,64668.20,BP,GAS,Wire at BP,COMPLETED,2025-11-20 00:41:42,2025-11-20 00:43:42,POS,REF-BB7DEEB4,,
TXN-2026-000248,ACC-100057,CUST-B030,DEBIT,948.29,USD,63719.91,Marriott,TRAVEL,Debit at Marriott,COMPLETED,2026-02-20 15:30:09,2026-02-20 16:29:09,POS,REF-6DD173D5,,
TXN-2026-000249,ACC-100057,CUST-B030,DEBIT,510.36,USD,63209.55,H&M,RETAIL,Debit at H&M,FAILED,2026-02-03 23:26:16,,POS,REF-32B6D3D3,ACCOUNT_FROZEN,
TXN-2026-000250,ACC-100057,CUST-B030,WIRE,652.40,USD,62557.15,BP,GAS,Wire at BP,COMPLETED,2025-08-04 23:54:41,2025-08-05 00:31:41,ONLINE,REF-030AF572,,
TXN-2026-000251,ACC-100058,CUST-B134,TRANSFER,1378.37,USD,4937.76,Target,RETAIL,Transfer at Target,COMPLETED,2025-07-31 04:37:46,2025-07-31 04:42:46,MOBILE,REF-09267EE3,,
TXN-2026-000252,ACC-100058,CUST-B134,PAYMENT,1862.04,USD,3075.72,Apple Store,ELECTRONICS,Payment at Apple Store,COMPLETED,2026-03-22 23:36:49,2026-03-22 23:39:49,ONLINE,REF-0B6D3376,,
TXN-2026-000253,ACC-100058,CUST-B134,DEBIT,256.03,USD,2819.69,Nordstrom,RETAIL,Debit at Nordstrom,PENDING,2025-08-30 08:41:05,2025-08-30 09:16:05,ATM,REF-67D1FC17,,
TXN-2026-000254,ACC-100058,CUST-B134,DEBIT,47.60,USD,2772.09,Planet Fitness,FITNESS,Debit at Planet Fitness,COMPLETED,2025-10-25 17:03:42,2025-10-25 17:11:42,POS,REF-CC670F03,,
TXN-2026-000255,ACC-100059,CUST-B078,CREDIT,1087.75,USD,87716.25,Planet Fitness,FITNESS,Credit at Planet Fitness,COMPLETED,2025-12-08 07:59:18,2025-12-08 08:10:18,ATM,REF-9603C532,,
TXN-2026-000256,ACC-100059,CUST-B078,CREDIT,1735.99,USD,89452.24,Airbnb,TRAVEL,Credit at Airbnb,COMPLETED,2026-01-19 12:06:05,2026-01-19 12:41:05,SYSTEM,REF-55072264,,
TXN-2026-000257,ACC-100059,CUST-B078,TRANSFER,594.87,USD,88857.37,Spotify,SUBSCRIPTION,Transfer at Spotify,COMPLETED,2025-09-11 06:35:35,2025-09-11 07:04:35,SYSTEM,REF-DD10E527,,
TXN-2026-000258,ACC-100059,CUST-B078,DEBIT,1766.45,USD,87090.92,Comcast,UTILITIES,Debit at Comcast,COMPLETED,2026-01-27 16:20:42,2026-01-27 17:09:42,ATM,REF-18BBD69A,,
TXN-2026-000259,ACC-100059,CUST-B078,WIRE,383.79,USD,86707.13,Costco,GROCERY,Wire at Costco,COMPLETED,2026-02-21 08:06:39,2026-02-21 08:41:39,ATM,REF-E952EC25,,
TXN-2026-000260,ACC-100059,CUST-B078,WIRE,1283.60,USD,85423.53,CVS Pharmacy,HEALTH,Wire at CVS Pharmacy,COMPLETED,2025-07-13 21:36:01,,POS,REF-3D46721E,,
TXN-2026-000261,ACC-100059,CUST-B078,DEBIT,1747.62,USD,83675.91,Netflix,SUBSCRIPTION,Debit at Netflix,COMPLETED,2025-08-18 11:30:47,2025-08-18 11:42:47,SYSTEM,REF-AEEBE24D,,
TXN-2026-000262,ACC-100060,CUST-B028,TRANSFER,1054.01,USD,77373.02,Comcast,UTILITIES,Transfer at Comcast,COMPLETED,2026-02-28 08:43:13,2026-02-28 08:46:13,SYSTEM,REF-9116ADC4,,
TXN-2026-000263,ACC-100060,CUST-B028,DEBIT,1860.77,USD,75512.25,Costco,GROCERY,Debit at Costco,FAILED,2025-08-21 01:34:48,,MOBILE,REF-B04E80B7,INSUFFICIENT_FUNDS,
TXN-2026-000264,ACC-100060,CUST-B028,PAYMENT,1118.25,USD,74394.00,Whole Foods Market,GROCERY,Payment at Whole Foods Market,PENDING,2025-11-09 12:57:53,2025-11-09 13:47:53,SYSTEM,REF-8DF43F0B,,
TXN-2026-000265,ACC-100060,CUST-B028,DEBIT,1469.93,USD,72924.07,Starbucks,CAFE,Debit at Starbucks,COMPLETED,2026-04-21 01:41:53,2026-04-21 02:41:53,SYSTEM,REF-675743B1,,
TXN-2026-000266,ACC-100060,CUST-B028,DEBIT,1451.72,USD,71472.35,Best Buy,ELECTRONICS,Debit at Best Buy,COMPLETED,2025-12-24 11:26:24,2025-12-24 11:38:24,ONLINE,REF-7520E244,,
TXN-2026-000267,ACC-100060,CUST-B028,DEBIT,1119.05,USD,70353.30,Zara,RETAIL,Debit at Zara,PENDING,2026-01-03 18:15:24,2026-01-03 18:21:24,SYSTEM,REF-FD535B99,,
TXN-2026-000268,ACC-100060,CUST-B028,TRANSFER,1406.59,USD,68946.71,Chase Bank ATM,ATM,Transfer at Chase Bank ATM,PENDING,2025-11-13 20:37:38,2025-11-13 20:47:38,SYSTEM,REF-02CA56BC,,
TXN-2026-000269,ACC-100060,CUST-B028,PAYMENT,1316.78,USD,67629.93,AT&T,TELECOM,Payment at AT&T,FAILED,2025-12-25 08:18:47,,SYSTEM,REF-53DF9D1E,LIMIT_EXCEEDED,
TXN-2026-000270,ACC-100060,CUST-B028,PAYMENT,827.62,USD,66802.31,CVS Pharmacy,HEALTH,Payment at CVS Pharmacy,COMPLETED,2026-02-01 22:13:56,2026-02-01 22:59:56,ONLINE,REF-7701A34B,,
TXN-2026-000271,ACC-100061,CUST-B139,DEBIT,753.25,USD,0.00,Nordstrom,RETAIL,Debit at Nordstrom,COMPLETED,2025-12-31 16:35:47,2025-12-31 16:51:47,MOBILE,REF-9883E1FF,,
TXN-2026-000272,ACC-100061,CUST-B139,WIRE,5.39,USD,0.00,Planet Fitness,FITNESS,Wire at Planet Fitness,COMPLETED,2025-06-14 11:04:53,2025-06-14 11:42:53,ONLINE,REF-74473071,,
TXN-2026-000273,ACC-100061,CUST-B139,DEBIT,604.17,USD,0.00,Chipotle,RESTAURANT,Debit at Chipotle,COMPLETED,2025-08-26 04:08:02,2025-08-26 04:28:02,ATM,REF-5A5C9DDE,,
TXN-2026-000274,ACC-100061,CUST-B139,DEBIT,193.10,USD,0.00,H&M,RETAIL,Debit at H&M,COMPLETED,2025-11-26 18:57:27,2025-11-26 19:05:27,SYSTEM,REF-D5761D78,,
TXN-2026-000275,ACC-100061,CUST-B139,DEBIT,516.21,USD,0.00,BP,GAS,Debit at BP,COMPLETED,2025-09-25 15:01:17,,ONLINE,REF-1E8C3425,,
TXN-2026-000276,ACC-100061,CUST-B139,PAYMENT,1586.84,USD,0.00,Costco,GROCERY,Payment at Costco,COMPLETED,2025-08-07 03:34:04,2025-08-07 04:31:04,SYSTEM,REF-FABA837A,,
TXN-2026-000277,ACC-100061,CUST-B139,CREDIT,79.56,USD,79.56,Best Buy,ELECTRONICS,Credit at Best Buy,PENDING,2026-04-10 22:17:08,2026-04-10 22:22:08,ATM,REF-48FA66AF,,
TXN-2026-000278,ACC-100061,CUST-B139,WIRE,835.96,USD,0.00,Chase Bank ATM,ATM,Wire at Chase Bank ATM,PENDING,2025-07-17 19:31:08,2025-07-17 19:45:08,SYSTEM,REF-648F35BE,,
TXN-2026-000279,ACC-100062,CUST-B190,DEBIT,613.04,USD,60921.71,Comcast,UTILITIES,Debit at Comcast,COMPLETED,2025-06-16 23:50:47,2025-06-17 00:26:47,SYSTEM,REF-4E4DAB6E,,
TXN-2026-000280,ACC-100062,CUST-B190,DEBIT,105.79,USD,60815.92,Shell,GAS,Debit at Shell,PENDING,2026-03-12 02:48:23,2026-03-12 03:16:23,SYSTEM,REF-6372C800,,
TXN-2026-000281,ACC-100062,CUST-B190,DEBIT,448.06,USD,60367.86,Hilton Hotels,TRAVEL,Debit at Hilton Hotels,COMPLETED,2025-09-21 12:58:24,2025-09-21 13:07:24,POS,REF-3831310D,,
TXN-2026-000282,ACC-100062,CUST-B190,DEBIT,1098.56,USD,59269.30,Delta Airlines,TRAVEL,Debit at Delta Airlines,COMPLETED,2025-09-10 23:13:03,,ONLINE,REF-9CC72B26,,
TXN-2026-000283,ACC-100063,CUST-B177,DEBIT,978.28,USD,41927.27,Delta Airlines,TRAVEL,Debit at Delta Airlines,COMPLETED,2026-02-09 07:23:45,2026-02-09 07:58:45,SYSTEM,REF-D7631632,,
TXN-2026-000284,ACC-100063,CUST-B177,DEBIT,147.93,USD,41779.34,BP,GAS,Debit at BP,FAILED,2026-03-29 16:02:19,,POS,REF-31542700,INSUFFICIENT_FUNDS,
TXN-2026-000285,ACC-100063,CUST-B177,WIRE,733.71,USD,41045.63,Verizon,TELECOM,Wire at Verizon,COMPLETED,2025-08-13 23:29:35,2025-08-14 00:07:35,ATM,REF-3B04972C,,
TXN-2026-000286,ACC-100063,CUST-B177,PAYMENT,1234.36,USD,39811.27,Uber,TRANSPORT,Payment at Uber,COMPLETED,2026-04-08 18:36:04,2026-04-08 18:45:04,ONLINE,REF-1882BC7B,,
TXN-2026-000287,ACC-100063,CUST-B177,PAYMENT,316.20,USD,39495.07,DoorDash,FOOD_DELIVERY,Payment at DoorDash,PENDING,2026-03-10 21:59:19,2026-03-10 22:06:19,ONLINE,REF-28DD7F08,,
TXN-2026-000288,ACC-100064,CUST-B037,CREDIT,32.40,USD,12326.75,Spotify,SUBSCRIPTION,Credit at Spotify,COMPLETED,2026-02-25 10:38:24,2026-02-25 10:57:24,POS,REF-4A1029BE,,
TXN-2026-000289,ACC-100064,CUST-B037,DEBIT,1481.33,USD,10845.42,Walgreens,HEALTH,Debit at Walgreens,PENDING,2025-08-22 06:49:15,2025-08-22 07:22:15,SYSTEM,REF-B78B9C4A,,
TXN-2026-000290,ACC-100064,CUST-B037,DEBIT,1391.67,USD,9453.75,Delta Airlines,TRAVEL,Debit at Delta Airlines,COMPLETED,2026-02-15 12:38:24,,SYSTEM,REF-1CF0F3AF,,
TXN-2026-000291,ACC-100064,CUST-B037,CREDIT,344.79,USD,9798.54,Target,RETAIL,Credit at Target,COMPLETED,2025-09-19 07:11:53,2025-09-19 07:55:53,POS,REF-9B0A3AF1,,
TXN-2026-000292,ACC-100064,CUST-B037,DEBIT,137.86,USD,9660.68,Airbnb,TRAVEL,Debit at Airbnb,FAILED,2026-02-12 11:07:15,,POS,REF-9CB7227A,LIMIT_EXCEEDED,
TXN-2026-000293,ACC-100064,CUST-B037,CREDIT,1735.48,USD,11396.16,Walmart,GROCERY,Credit at Walmart,COMPLETED,2026-02-08 04:57:02,2026-02-08 05:21:02,POS,REF-D3CF3791,,
TXN-2026-000294,ACC-100064,CUST-B037,TRANSFER,1734.21,USD,9661.95,CVS Pharmacy,HEALTH,Transfer at CVS Pharmacy,COMPLETED,2025-12-24 10:30:15,,MOBILE,REF-2B86C699,,
TXN-2026-000295,ACC-100064,CUST-B037,DEBIT,84.31,USD,9577.64,H&M,RETAIL,Debit at H&M,COMPLETED,2025-12-23 14:30:31,2025-12-23 15:01:31,ONLINE,REF-5FF3D3F3,,
TXN-2026-000296,ACC-100065,CUST-B043,PAYMENT,713.98,USD,2052.54,Chase Bank ATM,ATM,Payment at Chase Bank ATM,COMPLETED,2025-09-26 09:53:04,2025-09-26 10:25:04,POS,REF-A86CD6B5,,
TXN-2026-000297,ACC-100065,CUST-B043,WIRE,1781.35,USD,271.19,Chevron,GAS,Wire at Chevron,COMPLETED,2026-04-13 11:01:58,2026-04-13 12:01:58,ATM,REF-ED186EAB,,
TXN-2026-000298,ACC-100065,CUST-B043,DEBIT,686.86,USD,0.00,Shell,GAS,Debit at Shell,PENDING,2025-10-31 13:35:44,2025-10-31 13:40:44,SYSTEM,REF-3F1DF04A,,
TXN-2026-000299,ACC-100065,CUST-B043,DEBIT,837.58,USD,0.00,Zelle,TRANSFER,Debit at Zelle,FAILED,2026-01-09 11:48:05,,MOBILE,REF-19E8B10F,LIMIT_EXCEEDED,
TXN-2026-000300,ACC-100066,CUST-B058,DEBIT,1306.68,USD,31637.29,Netflix,SUBSCRIPTION,Debit at Netflix,COMPLETED,2026-01-12 15:35:55,2026-01-12 16:26:55,ONLINE,REF-37BED6A5,,
TXN-2026-000301,ACC-100066,CUST-B058,DEBIT,862.98,USD,30774.31,Chipotle,RESTAURANT,Debit at Chipotle,COMPLETED,2026-03-27 01:23:10,2026-03-27 02:22:10,ONLINE,REF-16A58B5C,,
TXN-2026-000302,ACC-100066,CUST-B058,DEBIT,1116.89,USD,29657.42,CVS Pharmacy,HEALTH,Debit at CVS Pharmacy,PENDING,2026-03-07 09:40:17,2026-03-07 10:00:17,ONLINE,REF-E1AD8FA2,,
TXN-2026-000303,ACC-100066,CUST-B058,PAYMENT,1760.86,USD,27896.56,Walmart,GROCERY,Payment at Walmart,COMPLETED,2025-11-08 19:08:02,2025-11-08 19:27:02,ATM,REF-0A28EFC4,,
TXN-2026-000304,ACC-100066,CUST-B058,DEBIT,218.01,USD,27678.55,Spotify,SUBSCRIPTION,Debit at Spotify,FAILED,2025-08-11 17:57:43,,SYSTEM,REF-7768353D,LIMIT_EXCEEDED,
TXN-2026-000305,ACC-100066,CUST-B058,DEBIT,1194.74,USD,26483.81,Zara,RETAIL,Debit at Zara,COMPLETED,2025-08-29 16:15:33,2025-08-29 16:37:33,MOBILE,REF-E05E532D,,
TXN-2026-000306,ACC-100066,CUST-B058,TRANSFER,1425.48,USD,25058.33,Netflix,SUBSCRIPTION,Transfer at Netflix,COMPLETED,2025-10-24 05:33:15,2025-10-24 05:57:15,ONLINE,REF-609F44F8,,
TXN-2026-000307,ACC-100066,CUST-B058,DEBIT,456.41,USD,24601.92,Uber,TRANSPORT,Debit at Uber,FAILED,2025-11-06 16:19:37,,ONLINE,REF-AC3C5952,CARD_DECLINED,
TXN-2026-000308,ACC-100067,CUST-B125,DEBIT,136.94,USD,5905.41,DoorDash,FOOD_DELIVERY,Debit at DoorDash,COMPLETED,2025-11-18 14:26:05,2025-11-18 14:57:05,MOBILE,REF-D996FE94,,
TXN-2026-000309,ACC-100067,CUST-B125,WIRE,812.71,USD,5092.70,BP,GAS,Wire at BP,COMPLETED,2025-06-17 05:50:56,2025-06-17 06:42:56,ATM,REF-E591408E,,
TXN-2026-000310,ACC-100067,CUST-B125,DEBIT,1043.69,USD,4049.01,AT&T,TELECOM,Debit at AT&T,COMPLETED,2025-11-23 09:18:23,2025-11-23 10:14:23,ONLINE,REF-57ADEB46,,
TXN-2026-000311,ACC-100067,CUST-B125,WIRE,1967.74,USD,2081.27,Marriott,TRAVEL,Wire at Marriott,PENDING,2025-06-16 05:51:05,2025-06-16 06:24:05,POS,REF-37B2E0AD,,
TXN-2026-000312,ACC-100067,CUST-B125,CREDIT,881.91,USD,2963.18,DoorDash,FOOD_DELIVERY,Credit at DoorDash,COMPLETED,2025-09-27 06:39:01,2025-09-27 06:57:01,MOBILE,REF-99DC81FE,,
TXN-2026-000313,ACC-100067,CUST-B125,DEBIT,1381.46,USD,1581.72,McDonald's,RESTAURANT,Debit at McDonald's,COMPLETED,2025-07-26 05:46:09,2025-07-26 06:27:09,SYSTEM,REF-47CBFDAC,,
TXN-2026-000314,ACC-100067,CUST-B125,DEBIT,1558.57,USD,23.15,Home Depot,HOME_IMPROVEMENT,Debit at Home Depot,COMPLETED,2026-02-26 08:15:14,2026-02-26 08:40:14,MOBILE,REF-C526134B,,
TXN-2026-000315,ACC-100067,CUST-B125,DEBIT,910.09,USD,0.00,Walmart,GROCERY,Debit at Walmart,COMPLETED,2026-03-04 18:14:02,2026-03-04 19:10:02,ATM,REF-EF3C2CE6,,
TXN-2026-000316,ACC-100067,CUST-B125,DEBIT,1438.16,USD,0.00,CVS Pharmacy,HEALTH,Debit at CVS Pharmacy,PENDING,2025-07-18 23:30:56,,ATM,REF-AB15AC47,,
TXN-2026-000317,ACC-100068,CUST-B180,WIRE,1455.11,USD,37365.48,Marriott,TRAVEL,Wire at Marriott,COMPLETED,2025-12-16 17:04:37,2025-12-16 17:14:37,MOBILE,REF-2C86217E,,
TXN-2026-000318,ACC-100068,CUST-B180,DEBIT,1824.94,USD,35540.54,Target,RETAIL,Debit at Target,COMPLETED,2026-01-06 14:45:48,2026-01-06 15:40:48,ONLINE,REF-C7C33FF5,,
TXN-2026-000319,ACC-100068,CUST-B180,DEBIT,842.07,USD,34698.47,Lyft,TRANSPORT,Debit at Lyft,COMPLETED,2025-09-29 04:55:10,2025-09-29 05:23:10,ONLINE,REF-FA61DF97,,
TXN-2026-000320,ACC-100068,CUST-B180,DEBIT,1921.07,USD,32777.40,Home Depot,HOME_IMPROVEMENT,Debit at Home Depot,COMPLETED,2025-06-02 08:55:44,2025-06-02 09:11:44,MOBILE,REF-FCA9BAC6,,
TXN-2026-000321,ACC-100069,CUST-B100,DEBIT,1217.93,USD,3892.76,Nordstrom,RETAIL,Debit at Nordstrom,COMPLETED,2025-12-09 15:26:38,2025-12-09 16:03:38,MOBILE,REF-8827EC0E,,
TXN-2026-000322,ACC-100069,CUST-B100,TRANSFER,163.41,USD,3729.35,Verizon,TELECOM,Transfer at Verizon,FAILED,2026-01-20 01:21:25,,SYSTEM,REF-F19FE250,LIMIT_EXCEEDED,
TXN-2026-000323,ACC-100069,CUST-B100,DEBIT,102.59,USD,3626.76,H&M,RETAIL,Debit at H&M,COMPLETED,2025-07-28 13:50:51,,ONLINE,REF-75936F90,,
TXN-2026-000324,ACC-100069,CUST-B100,CREDIT,665.57,USD,4292.33,Target,RETAIL,Credit at Target,COMPLETED,2025-07-05 01:26:53,,ONLINE,REF-B9A92DB6,,
TXN-2026-000325,ACC-100069,CUST-B100,CREDIT,1224.12,USD,5516.45,Uber,TRANSPORT,Credit at Uber,PENDING,2026-02-24 13:22:26,2026-02-24 13:58:26,ONLINE,REF-6A03F6EA,,
TXN-2026-000326,ACC-100069,CUST-B100,PAYMENT,1863.30,USD,3653.15,Airbnb,TRAVEL,Payment at Airbnb,COMPLETED,2025-07-07 03:59:59,2025-07-07 04:19:59,MOBILE,REF-A233C98F,,
TXN-2026-000327,ACC-100069,CUST-B100,WIRE,1687.40,USD,1965.75,Costco,GROCERY,Wire at Costco,COMPLETED,2025-06-26 05:09:10,2025-06-26 05:17:10,ATM,REF-FC76DA5B,,
TXN-2026-000328,ACC-100070,CUST-B175,WIRE,1051.67,USD,42179.76,Marriott,TRAVEL,Wire at Marriott,COMPLETED,2026-02-26 05:36:03,2026-02-26 05:39:03,SYSTEM,REF-EF0DD2F8,,
TXN-2026-000329,ACC-100070,CUST-B175,TRANSFER,1449.53,USD,40730.23,Apple Store,ELECTRONICS,Transfer at Apple Store,COMPLETED,2026-01-21 20:56:22,2026-01-21 21:41:22,SYSTEM,REF-56335D4F,,
TXN-2026-000330,ACC-100070,CUST-B175,CREDIT,1053.16,USD,41783.39,CVS Pharmacy,HEALTH,Credit at CVS Pharmacy,COMPLETED,2026-01-29 01:03:23,2026-01-29 01:11:23,MOBILE,REF-58984524,,
TXN-2026-000331,ACC-100070,CUST-B175,TRANSFER,987.55,USD,40795.84,Marriott,TRAVEL,Transfer at Marriott,PENDING,2025-08-09 20:51:24,2025-08-09 21:05:24,ONLINE,REF-67C55FA2,,
TXN-2026-000332,ACC-100070,CUST-B175,DEBIT,52.85,USD,40742.99,Amazon,ONLINE_RETAIL,Debit at Amazon,PENDING,2026-01-29 21:42:59,2026-01-29 22:29:59,SYSTEM,REF-098BAF9C,,
TXN-2026-000333,ACC-100070,CUST-B175,WIRE,95.76,USD,40647.23,Verizon,TELECOM,Wire at Verizon,COMPLETED,2025-10-14 18:58:28,2025-10-14 19:38:28,ONLINE,REF-6CA45E06,,
TXN-2026-000334,ACC-100071,CUST-B129,CREDIT,1581.44,USD,20697.46,McDonald's,RESTAURANT,Credit at McDonald's,COMPLETED,2025-09-28 12:38:53,2025-09-28 13:13:53,POS,REF-7C8DE5B4,,
TXN-2026-000335,ACC-100071,CUST-B129,PAYMENT,686.02,USD,20011.44,Home Depot,HOME_IMPROVEMENT,Payment at Home Depot,PENDING,2026-03-09 07:51:57,2026-03-09 07:52:57,ONLINE,REF-DEC3AA0F,,
TXN-2026-000336,ACC-100071,CUST-B129,PAYMENT,1844.95,USD,18166.49,Walgreens,HEALTH,Payment at Walgreens,COMPLETED,2025-12-04 01:36:45,2025-12-04 02:27:45,ONLINE,REF-421A6E45,,
TXN-2026-000337,ACC-100071,CUST-B129,DEBIT,1256.26,USD,16910.23,Delta Airlines,TRAVEL,Debit at Delta Airlines,PENDING,2025-12-26 12:54:00,2025-12-26 13:23:00,MOBILE,REF-5C5B7337,,
TXN-2026-000338,ACC-100071,CUST-B129,CREDIT,1132.06,USD,18042.29,Whole Foods Market,GROCERY,Credit at Whole Foods Market,COMPLETED,2026-02-19 09:15:36,2026-02-19 09:49:36,SYSTEM,REF-DE6EF70A,,
TXN-2026-000339,ACC-100071,CUST-B129,PAYMENT,137.10,USD,17905.19,Walgreens,HEALTH,Payment at Walgreens,COMPLETED,2025-07-28 23:37:21,2025-07-28 23:38:21,MOBILE,REF-D0A44A8A,,
TXN-2026-000340,ACC-100071,CUST-B129,DEBIT,1144.11,USD,16761.08,Nordstrom,RETAIL,Debit at Nordstrom,FAILED,2025-10-30 07:01:15,,ATM,REF-D0F67826,LIMIT_EXCEEDED,
TXN-2026-000341,ACC-100071,CUST-B129,CREDIT,830.67,USD,17591.75,Target,RETAIL,Credit at Target,COMPLETED,2025-12-11 00:52:59,2025-12-11 01:15:59,ATM,REF-2654B973,,
TXN-2026-000342,ACC-100071,CUST-B129,CREDIT,354.15,USD,17945.90,Grubhub,FOOD_DELIVERY,Credit at Grubhub,COMPLETED,2025-10-24 07:56:34,2025-10-24 08:45:34,POS,REF-14CE5676,,
TXN-2026-000343,ACC-100072,CUST-B157,DEBIT,1599.06,USD,67794.88,Hilton Hotels,TRAVEL,Debit at Hilton Hotels,FAILED,2025-12-12 04:50:38,,ATM,REF-A04A9DEF,LIMIT_EXCEEDED,
TXN-2026-000344,ACC-100072,CUST-B157,DEBIT,1645.17,USD,66149.71,Spotify,SUBSCRIPTION,Debit at Spotify,COMPLETED,2025-12-18 10:50:06,2025-12-18 10:58:06,POS,REF-A39633D0,,
TXN-2026-000345,ACC-100072,CUST-B157,WIRE,1428.79,USD,64720.92,Airbnb,TRAVEL,Wire at Airbnb,FAILED,2025-12-20 20:36:25,,ATM,REF-12AD51FB,INSUFFICIENT_FUNDS,
TXN-2026-000346,ACC-100072,CUST-B157,DEBIT,210.69,USD,64510.23,Airbnb,TRAVEL,Debit at Airbnb,COMPLETED,2026-03-25 13:19:00,2026-03-25 13:38:00,ATM,REF-E75C25C7,,
TXN-2026-000347,ACC-100072,CUST-B157,PAYMENT,405.11,USD,64105.12,Grubhub,FOOD_DELIVERY,Payment at Grubhub,PENDING,2025-09-20 07:00:05,2025-09-20 07:20:05,POS,REF-DBAC6786,,
TXN-2026-000348,ACC-100072,CUST-B157,DEBIT,319.20,USD,63785.92,Starbucks,CAFE,Debit at Starbucks,COMPLETED,2025-07-15 10:50:53,,SYSTEM,REF-5967DAD9,,
TXN-2026-000349,ACC-100072,CUST-B157,DEBIT,1087.34,USD,62698.58,Best Buy,ELECTRONICS,Debit at Best Buy,FAILED,2025-12-31 08:27:32,,SYSTEM,REF-5037E99A,LIMIT_EXCEEDED,
TXN-2026-000350,ACC-100073,CUST-B144,DEBIT,626.20,USD,13598.97,Uber,TRANSPORT,Debit at Uber,COMPLETED,2025-10-10 13:16:31,2025-10-10 13:19:31,MOBILE,REF-4AC9133F,,
TXN-2026-000351,ACC-100073,CUST-B144,DEBIT,770.28,USD,12828.69,Whole Foods Market,GROCERY,Debit at Whole Foods Market,PENDING,2025-07-04 10:41:33,2025-07-04 10:52:33,SYSTEM,REF-B38C923E,,
TXN-2026-000352,ACC-100073,CUST-B144,PAYMENT,628.32,USD,12200.37,Planet Fitness,FITNESS,Payment at Planet Fitness,COMPLETED,2026-04-14 11:06:41,2026-04-14 11:54:41,SYSTEM,REF-4073A96B,,
TXN-2026-000353,ACC-100073,CUST-B144,TRANSFER,1137.74,USD,11062.63,Apple Store,ELECTRONICS,Transfer at Apple Store,COMPLETED,2025-07-07 02:02:29,2025-07-07 03:00:29,POS,REF-540E7E78,,
TXN-2026-000354,ACC-100073,CUST-B144,CREDIT,1370.53,USD,12433.16,Airbnb,TRAVEL,Credit at Airbnb,COMPLETED,2026-03-03 19:41:31,2026-03-03 20:11:31,ONLINE,REF-049A98E0,,
TXN-2026-000355,ACC-100074,CUST-B194,CREDIT,1826.16,USD,63978.80,Zelle,TRANSFER,Credit at Zelle,COMPLETED,2025-10-31 06:25:18,2025-10-31 07:23:18,ATM,REF-C9686019,,
TXN-2026-000356,ACC-100074,CUST-B194,TRANSFER,65.38,USD,63913.42,Airbnb,TRAVEL,Transfer at Airbnb,COMPLETED,2025-12-02 14:26:14,2025-12-02 14:56:14,ONLINE,REF-971E9B3F,,
TXN-2026-000357,ACC-100074,CUST-B194,PAYMENT,1210.86,USD,62702.56,McDonald's,RESTAURANT,Payment at McDonald's,PENDING,2025-07-20 11:23:53,2025-07-20 11:48:53,POS,REF-0FF5091C,,
TXN-2026-000358,ACC-100074,CUST-B194,DEBIT,1585.90,USD,61116.66,CVS Pharmacy,HEALTH,Debit at CVS Pharmacy,COMPLETED,2025-12-24 21:32:54,2025-12-24 22:09:54,SYSTEM,REF-7FA4053B,,
TXN-2026-000359,ACC-100074,CUST-B194,DEBIT,1947.91,USD,59168.75,BP,GAS,Debit at BP,COMPLETED,2025-10-28 01:25:43,,SYSTEM,REF-1BCEE808,,
TXN-2026-000360,ACC-100075,CUST-B169,PAYMENT,1091.33,USD,2119.09,LA Fitness,FITNESS,Payment at LA Fitness,COMPLETED,2025-08-31 17:07:04,2025-08-31 17:49:04,SYSTEM,REF-898CFC72,,
TXN-2026-000361,ACC-100075,CUST-B169,DEBIT,1186.37,USD,932.72,United Airlines,TRAVEL,Debit at United Airlines,PENDING,2025-11-27 18:37:09,2025-11-27 18:43:09,ONLINE,REF-1ECBCEF2,,
TXN-2026-000362,ACC-100075,CUST-B169,WIRE,143.87,USD,788.85,Chipotle,RESTAURANT,Wire at Chipotle,PENDING,2025-07-13 05:34:24,2025-07-13 06:12:24,MOBILE,REF-D6D9F7FC,,
TXN-2026-000363,ACC-100075,CUST-B169,TRANSFER,1291.75,USD,0.00,CVS Pharmacy,HEALTH,Transfer at CVS Pharmacy,PENDING,2025-06-24 21:03:21,,SYSTEM,REF-8F7FE4FD,,
TXN-2026-000364,ACC-100075,CUST-B169,DEBIT,1323.46,USD,0.00,Amazon,ONLINE_RETAIL,Debit at Amazon,COMPLETED,2025-11-23 22:01:39,2025-11-23 22:25:39,MOBILE,REF-78DC1066,,
TXN-2026-000365,ACC-100075,CUST-B169,DEBIT,1364.63,USD,0.00,DoorDash,FOOD_DELIVERY,Debit at DoorDash,FAILED,2025-10-01 22:54:16,,MOBILE,REF-36909BBD,LIMIT_EXCEEDED,
TXN-2026-000366,ACC-100075,CUST-B169,DEBIT,1167.54,USD,0.00,Chase Bank ATM,ATM,Debit at Chase Bank ATM,PENDING,2026-01-24 11:30:24,2026-01-24 11:55:24,ATM,REF-D2C35BD5,,
TXN-2026-000367,ACC-100076,CUST-B130,DEBIT,6.68,USD,1026.28,PG&E,UTILITIES,Debit at PG&E,COMPLETED,2026-01-04 11:51:37,2026-01-04 12:13:37,ATM,REF-FCC539FB,,
TXN-2026-000368,ACC-100076,CUST-B130,DEBIT,866.27,USD,160.01,Walmart,GROCERY,Debit at Walmart,PENDING,2026-01-16 04:43:33,2026-01-16 05:03:33,MOBILE,REF-CA043CFF,,
TXN-2026-000369,ACC-100076,CUST-B130,WIRE,1092.51,USD,0.00,Comcast,UTILITIES,Wire at Comcast,COMPLETED,2026-02-13 06:49:53,2026-02-13 06:57:53,MOBILE,REF-B46580E4,,
TXN-2026-000370,ACC-100076,CUST-B130,WIRE,312.76,USD,0.00,PG&E,UTILITIES,Wire at PG&E,COMPLETED,2026-02-16 05:28:06,2026-02-16 05:28:06,POS,REF-E0DA2E28,,
TXN-2026-000371,ACC-100077,CUST-B056,WIRE,1950.08,USD,14548.88,United Airlines,TRAVEL,Wire at United Airlines,COMPLETED,2025-07-23 17:31:18,,MOBILE,REF-1433C031,,
TXN-2026-000372,ACC-100077,CUST-B056,WIRE,1248.38,USD,13300.50,Airbnb,TRAVEL,Wire at Airbnb,PENDING,2025-11-24 11:15:44,2025-11-24 11:50:44,MOBILE,REF-DCD9A9EE,,
TXN-2026-000373,ACC-100077,CUST-B056,DEBIT,375.65,USD,12924.85,Chase Bank ATM,ATM,Debit at Chase Bank ATM,COMPLETED,2026-01-21 19:01:52,,ONLINE,REF-BCD30264,,
TXN-2026-000374,ACC-100077,CUST-B056,CREDIT,824.62,USD,13749.47,Hilton Hotels,TRAVEL,Credit at Hilton Hotels,FAILED,2025-12-30 02:38:18,,ATM,REF-85A134BD,CARD_DECLINED,
TXN-2026-000375,ACC-100077,CUST-B056,TRANSFER,1923.67,USD,11825.80,Home Depot,HOME_IMPROVEMENT,Transfer at Home Depot,COMPLETED,2025-07-02 02:14:32,2025-07-02 03:00:32,ATM,REF-63C63248,,
TXN-2026-000376,ACC-100078,CUST-B104,DEBIT,1049.10,USD,39415.95,Marriott,TRAVEL,Debit at Marriott,COMPLETED,2026-01-23 22:16:12,,POS,REF-6B015693,,
TXN-2026-000377,ACC-100078,CUST-B104,CREDIT,1228.01,USD,40643.96,Nordstrom,RETAIL,Credit at Nordstrom,COMPLETED,2025-10-12 10:04:56,2025-10-12 10:04:56,SYSTEM,REF-CCB97F21,,
TXN-2026-000378,ACC-100078,CUST-B104,PAYMENT,844.93,USD,39799.03,Delta Airlines,TRAVEL,Payment at Delta Airlines,COMPLETED,2026-04-06 23:58:46,2026-04-07 00:08:46,SYSTEM,REF-440651F9,,
TXN-2026-000379,ACC-100078,CUST-B104,CREDIT,127.53,USD,39926.56,Chipotle,RESTAURANT,Credit at Chipotle,COMPLETED,2025-12-01 18:10:32,2025-12-01 18:46:32,ATM,REF-1E11FFB5,,
TXN-2026-000380,ACC-100078,CUST-B104,DEBIT,577.20,USD,39349.36,Zelle,TRANSFER,Debit at Zelle,FAILED,2025-07-03 01:03:01,,ATM,REF-96AD8CAF,LIMIT_EXCEEDED,
TXN-2026-000381,ACC-100078,CUST-B104,CREDIT,554.06,USD,39903.42,Netflix,SUBSCRIPTION,Credit at Netflix,COMPLETED,2025-09-08 19:00:03,,ONLINE,REF-D79BD631,,
TXN-2026-000382,ACC-100078,CUST-B104,DEBIT,1320.02,USD,38583.40,Digital Bank Loans,FINANCIAL_SERVICES,Debit at Digital Bank Loans,PENDING,2025-10-22 14:28:35,2025-10-22 14:44:35,ONLINE,REF-7B30677D,,
TXN-2026-000383,ACC-100079,CUST-B103,DEBIT,688.98,USD,14449.76,Lyft,TRANSPORT,Debit at Lyft,FAILED,2025-07-03 18:40:43,,MOBILE,REF-8747B6B8,ACCOUNT_FROZEN,
TXN-2026-000384,ACC-100079,CUST-B103,WIRE,479.71,USD,13970.05,Verizon,TELECOM,Wire at Verizon,COMPLETED,2025-11-18 22:49:17,2025-11-18 22:59:17,ATM,REF-418188C4,,
TXN-2026-000385,ACC-100079,CUST-B103,CREDIT,1512.19,USD,15482.24,Whole Foods Market,GROCERY,Credit at Whole Foods Market,COMPLETED,2025-07-16 01:08:45,,MOBILE,REF-0CB9E271,,
TXN-2026-000386,ACC-100079,CUST-B103,TRANSFER,1493.57,USD,13988.67,Chipotle,RESTAURANT,Transfer at Chipotle,COMPLETED,2026-03-20 05:08:09,2026-03-20 05:22:09,MOBILE,REF-4F01CCFE,,
TXN-2026-000387,ACC-100079,CUST-B103,CREDIT,294.57,USD,14283.24,Delta Airlines,TRAVEL,Credit at Delta Airlines,FAILED,2025-11-16 20:01:03,,MOBILE,REF-63A9E1EE,CARD_DECLINED,
TXN-2026-000388,ACC-100079,CUST-B103,DEBIT,199.24,USD,14084.00,CVS Pharmacy,HEALTH,Debit at CVS Pharmacy,COMPLETED,2025-12-24 08:00:46,2025-12-24 08:54:46,ATM,REF-2CE06EE5,,
TXN-2026-000389,ACC-100079,CUST-B103,CREDIT,537.84,USD,14621.84,Walgreens,HEALTH,Credit at Walgreens,COMPLETED,2025-07-09 04:00:21,2025-07-09 04:37:21,ONLINE,REF-301169EB,,
TXN-2026-000390,ACC-100080,CUST-B029,DEBIT,1042.30,USD,1952.22,Digital Bank Loans,FINANCIAL_SERVICES,Debit at Digital Bank Loans,COMPLETED,2026-02-19 04:47:27,2026-02-19 04:58:27,POS,REF-260A3DAA,,
TXN-2026-000391,ACC-100080,CUST-B029,DEBIT,28.86,USD,1923.36,Amazon,ONLINE_RETAIL,Debit at Amazon,COMPLETED,2025-07-08 22:37:06,2025-07-08 23:20:06,ONLINE,REF-6D0DBBB6,,
TXN-2026-000392,ACC-100080,CUST-B029,CREDIT,390.19,USD,2313.55,McDonald's,RESTAURANT,Credit at McDonald's,FAILED,2025-06-10 04:54:15,,SYSTEM,REF-DC3050B4,ACCOUNT_FROZEN,
TXN-2026-000393,ACC-100080,CUST-B029,DEBIT,177.34,USD,2136.21,Home Depot,HOME_IMPROVEMENT,Debit at Home Depot,PENDING,2026-01-21 20:04:48,2026-01-21 20:46:48,SYSTEM,REF-E6669FA0,,
TXN-2026-000394,ACC-100080,CUST-B029,DEBIT,1392.83,USD,743.38,Lyft,TRANSPORT,Debit at Lyft,FAILED,2025-09-07 09:15:36,,ATM,REF-C62D411A,CARD_DECLINED,
TXN-2026-000395,ACC-100080,CUST-B029,PAYMENT,518.39,USD,224.99,LA Fitness,FITNESS,Payment at LA Fitness,PENDING,2026-03-31 04:56:35,,MOBILE,REF-7BA63F96,,
TXN-2026-000396,ACC-100080,CUST-B029,PAYMENT,1991.94,USD,0.00,Comcast,UTILITIES,Payment at Comcast,COMPLETED,2025-09-09 06:57:29,2025-09-09 07:13:29,POS,REF-24E83BD8,,
TXN-2026-000397,ACC-100080,CUST-B029,DEBIT,1222.55,USD,0.00,United Airlines,TRAVEL,Debit at United Airlines,COMPLETED,2025-08-09 07:12:05,2025-08-09 07:18:05,MOBILE,REF-0AEAC906,,
TXN-2026-000398,ACC-100080,CUST-B029,DEBIT,1825.66,USD,0.00,Grubhub,FOOD_DELIVERY,Debit at Grubhub,COMPLETED,2026-03-05 20:00:51,2026-03-05 20:02:51,SYSTEM,REF-92A2DC90,,
TXN-2026-000399,ACC-100081,CUST-B066,TRANSFER,42.44,USD,85053.13,Chevron,GAS,Transfer at Chevron,COMPLETED,2025-12-11 06:54:47,2025-12-11 07:34:47,POS,REF-CA710212,,
TXN-2026-000400,ACC-100081,CUST-B066,CREDIT,307.46,USD,85360.59,Comcast,UTILITIES,Credit at Comcast,COMPLETED,2025-10-07 02:14:47,2025-10-07 02:50:47,MOBILE,REF-AB38FC21,,
TXN-2026-000401,ACC-100081,CUST-B066,WIRE,810.81,USD,84549.78,Delta Airlines,TRAVEL,Wire at Delta Airlines,COMPLETED,2026-03-10 15:17:02,2026-03-10 16:07:02,ONLINE,REF-AEDA45B2,,
TXN-2026-000402,ACC-100081,CUST-B066,WIRE,1908.54,USD,82641.24,Amazon,ONLINE_RETAIL,Wire at Amazon,COMPLETED,2026-04-14 16:05:42,2026-04-14 16:12:42,ATM,REF-E12C002A,,
TXN-2026-000403,ACC-100081,CUST-B066,CREDIT,804.23,USD,83445.47,Walgreens,HEALTH,Credit at Walgreens,COMPLETED,2026-02-01 13:12:25,2026-02-01 13:53:25,SYSTEM,REF-32C11F13,,
TXN-2026-000404,ACC-100081,CUST-B066,DEBIT,1683.16,USD,81762.31,Walgreens,HEALTH,Debit at Walgreens,COMPLETED,2026-03-23 07:56:11,2026-03-23 08:37:11,SYSTEM,REF-5A10C20A,,
TXN-2026-000405,ACC-100081,CUST-B066,WIRE,1323.16,USD,80439.15,Target,RETAIL,Wire at Target,COMPLETED,2025-09-25 01:40:24,2025-09-25 02:37:24,ATM,REF-80415A8A,,
TXN-2026-000406,ACC-100081,CUST-B066,DEBIT,1771.00,USD,78668.15,United Airlines,TRAVEL,Debit at United Airlines,COMPLETED,2025-11-18 02:18:15,2025-11-18 02:26:15,POS,REF-38B2071C,,
TXN-2026-000407,ACC-100081,CUST-B066,DEBIT,981.02,USD,77687.13,Digital Bank Loans,FINANCIAL_SERVICES,Debit at Digital Bank Loans,COMPLETED,2025-06-25 11:08:01,2025-06-25 11:49:01,SYSTEM,REF-7057F1E1,,
TXN-2026-000408,ACC-100082,CUST-B106,DEBIT,681.87,USD,23198.04,Walmart,GROCERY,Debit at Walmart,COMPLETED,2025-10-10 03:45:55,2025-10-10 03:47:55,ONLINE,REF-3B62F147,,
TXN-2026-000409,ACC-100082,CUST-B106,TRANSFER,1880.48,USD,21317.56,Marriott,TRAVEL,Transfer at Marriott,COMPLETED,2025-12-26 09:06:52,2025-12-26 09:43:52,POS,REF-8E81CF95,,
TXN-2026-000410,ACC-100082,CUST-B106,DEBIT,980.34,USD,20337.22,Target,RETAIL,Debit at Target,COMPLETED,2025-06-08 09:40:48,2025-06-08 10:38:48,ONLINE,REF-D26CC8E5,,
TXN-2026-000411,ACC-100082,CUST-B106,DEBIT,348.64,USD,19988.58,Netflix,SUBSCRIPTION,Debit at Netflix,PENDING,2025-06-20 09:38:32,2025-06-20 10:30:32,MOBILE,REF-C07A46F1,,
TXN-2026-000412,ACC-100082,CUST-B106,DEBIT,1671.53,USD,18317.05,Zelle,TRANSFER,Debit at Zelle,COMPLETED,2025-06-25 20:07:41,2025-06-25 20:13:41,SYSTEM,REF-6793C2C1,,
TXN-2026-000413,ACC-100082,CUST-B106,DEBIT,130.90,USD,18186.15,Zelle,TRANSFER,Debit at Zelle,PENDING,2025-08-18 16:45:08,2025-08-18 17:36:08,MOBILE,REF-8034CD39,,
TXN-2026-000414,ACC-100082,CUST-B106,DEBIT,1951.83,USD,16234.32,CVS Pharmacy,HEALTH,Debit at CVS Pharmacy,PENDING,2026-01-10 16:24:05,2026-01-10 16:44:05,ONLINE,REF-839AE96A,,
TXN-2026-000415,ACC-100083,CUST-B067,DEBIT,674.33,USD,2166.56,Digital Bank Loans,FINANCIAL_SERVICES,Debit at Digital Bank Loans,COMPLETED,2025-07-17 21:25:46,2025-07-17 22:13:46,ATM,REF-172CD260,,
TXN-2026-000416,ACC-100083,CUST-B067,DEBIT,880.13,USD,1286.43,H&M,RETAIL,Debit at H&M,COMPLETED,2026-01-13 00:30:03,,SYSTEM,REF-30F71C00,,
TXN-2026-000417,ACC-100083,CUST-B067,DEBIT,36.18,USD,1250.25,Comcast,UTILITIES,Debit at Comcast,COMPLETED,2025-12-07 02:51:57,,POS,REF-04A12313,,
TXN-2026-000418,ACC-100083,CUST-B067,CREDIT,835.36,USD,2085.61,Digital Bank Loans,FINANCIAL_SERVICES,Credit at Digital Bank Loans,COMPLETED,2026-04-10 13:37:24,2026-04-10 14:07:24,ONLINE,REF-02BAF42E,,
TXN-2026-000419,ACC-100084,CUST-B154,TRANSFER,827.00,USD,27594.46,Starbucks,CAFE,Transfer at Starbucks,COMPLETED,2025-08-07 18:54:50,2025-08-07 18:56:50,MOBILE,REF-AE4830B5,,
TXN-2026-000420,ACC-100084,CUST-B154,DEBIT,1256.25,USD,26338.21,Zelle,TRANSFER,Debit at Zelle,COMPLETED,2026-03-31 22:12:09,2026-03-31 22:38:09,ONLINE,REF-DB3B3879,,
TXN-2026-000421,ACC-100084,CUST-B154,DEBIT,1973.27,USD,24364.94,DoorDash,FOOD_DELIVERY,Debit at DoorDash,PENDING,2025-07-08 03:50:17,2025-07-08 04:45:17,SYSTEM,REF-A4E4DDD6,,
TXN-2026-000422,ACC-100084,CUST-B154,DEBIT,931.11,USD,23433.83,Hilton Hotels,TRAVEL,Debit at Hilton Hotels,COMPLETED,2026-01-30 07:04:11,2026-01-30 07:21:11,POS,REF-F1BDF682,,
TXN-2026-000423,ACC-100084,CUST-B154,TRANSFER,997.54,USD,22436.29,Spotify,SUBSCRIPTION,Transfer at Spotify,COMPLETED,2025-08-02 01:04:02,2025-08-02 01:06:02,ATM,REF-B467D93A,,
TXN-2026-000424,ACC-100085,CUST-B075,WIRE,506.51,USD,111439.25,Grubhub,FOOD_DELIVERY,Wire at Grubhub,COMPLETED,2026-01-26 13:10:22,2026-01-26 13:58:22,POS,REF-EB28B864,,
TXN-2026-000425,ACC-100085,CUST-B075,DEBIT,320.30,USD,111118.95,Whole Foods Market,GROCERY,Debit at Whole Foods Market,COMPLETED,2025-06-12 06:54:27,2025-06-12 07:01:27,ONLINE,REF-DC2C4D06,,
TXN-2026-000426,ACC-100085,CUST-B075,PAYMENT,841.04,USD,110277.91,Planet Fitness,FITNESS,Payment at Planet Fitness,COMPLETED,2026-03-18 03:21:11,2026-03-18 03:41:11,POS,REF-F12F600A,,
TXN-2026-000427,ACC-100085,CUST-B075,DEBIT,200.64,USD,110077.27,CVS Pharmacy,HEALTH,Debit at CVS Pharmacy,COMPLETED,2026-03-14 12:18:30,2026-03-14 12:30:30,ONLINE,REF-06501E72,,
TXN-2026-000428,ACC-100085,CUST-B075,TRANSFER,1172.26,USD,108905.01,Costco,GROCERY,Transfer at Costco,COMPLETED,2025-06-22 02:28:46,2025-06-22 02:37:46,SYSTEM,REF-B517831A,,
TXN-2026-000429,ACC-100085,CUST-B075,DEBIT,777.72,USD,108127.29,Airbnb,TRAVEL,Debit at Airbnb,COMPLETED,2025-07-23 23:22:59,2025-07-23 23:34:59,ATM,REF-91E1D0C4,,
TXN-2026-000430,ACC-100086,CUST-B160,DEBIT,69.03,USD,92203.82,Walgreens,HEALTH,Debit at Walgreens,COMPLETED,2026-01-07 20:20:59,,MOBILE,REF-9745E591,,
TXN-2026-000431,ACC-100086,CUST-B160,WIRE,346.55,USD,91857.27,Airbnb,TRAVEL,Wire at Airbnb,COMPLETED,2025-10-12 10:21:37,2025-10-12 10:39:37,SYSTEM,REF-525B273E,,
TXN-2026-000432,ACC-100086,CUST-B160,DEBIT,177.52,USD,91679.75,Uber,TRANSPORT,Debit at Uber,FAILED,2026-04-29 19:34:27,,MOBILE,REF-4D12BB57,CARD_DECLINED,
TXN-2026-000433,ACC-100086,CUST-B160,DEBIT,1461.39,USD,90218.36,Starbucks,CAFE,Debit at Starbucks,COMPLETED,2026-03-13 21:41:03,2026-03-13 21:56:03,SYSTEM,REF-FBA68500,,
TXN-2026-000434,ACC-100086,CUST-B160,DEBIT,1827.94,USD,88390.42,Shell,GAS,Debit at Shell,COMPLETED,2025-06-02 23:19:35,2025-06-02 23:21:35,MOBILE,REF-E38B38DF,,
TXN-2026-000435,ACC-100087,CUST-B108,DEBIT,854.27,USD,23777.78,Hilton Hotels,TRAVEL,Debit at Hilton Hotels,COMPLETED,2025-11-01 03:19:48,2025-11-01 04:10:48,POS,REF-F1E46140,,
TXN-2026-000436,ACC-100087,CUST-B108,TRANSFER,484.82,USD,23292.96,Planet Fitness,FITNESS,Transfer at Planet Fitness,PENDING,2026-01-03 21:28:32,2026-01-03 22:12:32,ONLINE,REF-28D60E0F,,
TXN-2026-000437,ACC-100087,CUST-B108,PAYMENT,595.10,USD,22697.86,Netflix,SUBSCRIPTION,Payment at Netflix,COMPLETED,2026-02-07 12:26:38,2026-02-07 12:27:38,ATM,REF-0782EB82,,
TXN-2026-000438,ACC-100087,CUST-B108,TRANSFER,1716.55,USD,20981.31,Uber,TRANSPORT,Transfer at Uber,COMPLETED,2026-03-18 05:13:00,2026-03-18 05:42:00,ONLINE,REF-45BF8C07,,
TXN-2026-000439,ACC-100087,CUST-B108,DEBIT,1580.77,USD,19400.54,AT&T,TELECOM,Debit at AT&T,COMPLETED,2025-10-22 20:34:08,2025-10-22 21:19:08,POS,REF-7778DBC5,,
TXN-2026-000440,ACC-100087,CUST-B108,PAYMENT,1064.19,USD,18336.35,Comcast,UTILITIES,Payment at Comcast,COMPLETED,2025-09-24 04:25:08,2025-09-24 04:42:08,SYSTEM,REF-94ABA16A,,
TXN-2026-000441,ACC-100087,CUST-B108,DEBIT,1576.45,USD,16759.90,Nordstrom,RETAIL,Debit at Nordstrom,PENDING,2025-07-02 10:35:34,2025-07-02 10:56:34,POS,REF-F589ABB2,,
TXN-2026-000442,ACC-100087,CUST-B108,PAYMENT,1776.52,USD,14983.38,Hilton Hotels,TRAVEL,Payment at Hilton Hotels,COMPLETED,2025-07-14 02:16:59,2025-07-14 02:45:59,ATM,REF-DC733ED1,,
TXN-2026-000443,ACC-100087,CUST-B108,DEBIT,1298.10,USD,13685.28,PG&E,UTILITIES,Debit at PG&E,PENDING,2026-03-01 17:53:55,,ONLINE,REF-E69BAB75,,
TXN-2026-000444,ACC-100088,CUST-B193,DEBIT,1081.57,USD,2380.04,Walgreens,HEALTH,Debit at Walgreens,PENDING,2026-02-08 01:28:34,2026-02-08 02:28:34,ONLINE,REF-DFD2B76C,,
TXN-2026-000445,ACC-100088,CUST-B193,PAYMENT,708.66,USD,1671.38,Shell,GAS,Payment at Shell,COMPLETED,2025-09-12 19:57:20,2025-09-12 20:24:20,POS,REF-94D94FFA,,
TXN-2026-000446,ACC-100088,CUST-B193,PAYMENT,907.56,USD,763.82,PG&E,UTILITIES,Payment at PG&E,COMPLETED,2025-12-12 17:51:13,2025-12-12 17:58:13,SYSTEM,REF-9F281335,,
TXN-2026-000447,ACC-100088,CUST-B193,CREDIT,906.70,USD,1670.52,Nordstrom,RETAIL,Credit at Nordstrom,COMPLETED,2025-10-21 23:22:04,2025-10-22 00:22:04,POS,REF-0356B907,,
TXN-2026-000448,ACC-100088,CUST-B193,TRANSFER,179.18,USD,1491.34,DoorDash,FOOD_DELIVERY,Transfer at DoorDash,FAILED,2025-10-30 17:25:29,,POS,REF-9A35CAB7,INSUFFICIENT_FUNDS,
TXN-2026-000449,ACC-100089,CUST-B159,DEBIT,1395.68,USD,35639.15,Starbucks,CAFE,Debit at Starbucks,COMPLETED,2025-12-10 18:07:08,2025-12-10 18:20:08,POS,REF-9F891DA9,,
TXN-2026-000450,ACC-100089,CUST-B159,WIRE,1939.30,USD,33699.85,McDonald's,RESTAURANT,Wire at McDonald's,COMPLETED,2025-12-28 06:32:22,2025-12-28 07:02:22,MOBILE,REF-15560AC3,,
TXN-2026-000451,ACC-100089,CUST-B159,CREDIT,382.18,USD,34082.03,Walmart,GROCERY,Credit at Walmart,PENDING,2025-06-09 13:23:46,2025-06-09 13:37:46,SYSTEM,REF-7E7AD746,,
TXN-2026-000452,ACC-100089,CUST-B159,WIRE,1159.52,USD,32922.51,Walgreens,HEALTH,Wire at Walgreens,COMPLETED,2026-02-10 16:07:51,2026-02-10 16:27:51,SYSTEM,REF-9484317C,,
TXN-2026-000453,ACC-100089,CUST-B159,TRANSFER,918.72,USD,32003.79,H&M,RETAIL,Transfer at H&M,COMPLETED,2026-01-07 07:10:07,2026-01-07 08:00:07,ATM,REF-EBF7BD4B,,
TXN-2026-000454,ACC-100090,CUST-B120,PAYMENT,1941.59,USD,3349.53,Delta Airlines,TRAVEL,Payment at Delta Airlines,COMPLETED,2026-03-26 22:35:15,2026-03-26 22:44:15,MOBILE,REF-0205F0C4,,
TXN-2026-000455,ACC-100090,CUST-B120,DEBIT,1425.07,USD,1924.46,Uber,TRANSPORT,Debit at Uber,PENDING,2025-09-19 18:41:27,2025-09-19 18:52:27,ONLINE,REF-287B9583,,
TXN-2026-000456,ACC-100090,CUST-B120,DEBIT,238.25,USD,1686.21,Uber,TRANSPORT,Debit at Uber,COMPLETED,2025-10-01 23:10:00,2025-10-01 23:38:00,ONLINE,REF-F4A7DB88,,
TXN-2026-000457,ACC-100090,CUST-B120,DEBIT,1332.78,USD,353.43,Grubhub,FOOD_DELIVERY,Debit at Grubhub,COMPLETED,2025-10-12 12:53:11,2025-10-12 13:21:11,ONLINE,REF-24F37B72,,
TXN-2026-000458,ACC-100090,CUST-B120,CREDIT,247.37,USD,600.80,Nordstrom,RETAIL,Credit at Nordstrom,PENDING,2025-06-10 16:19:11,2025-06-10 16:50:11,MOBILE,REF-C8281FD5,,
TXN-2026-000459,ACC-100091,CUST-B187,DEBIT,1940.45,USD,25859.70,Spotify,SUBSCRIPTION,Debit at Spotify,COMPLETED,2025-12-30 02:26:44,2025-12-30 02:47:44,ATM,REF-F4968FB4,,
TXN-2026-000460,ACC-100091,CUST-B187,CREDIT,1939.36,USD,27799.06,Delta Airlines,TRAVEL,Credit at Delta Airlines,COMPLETED,2026-03-20 21:17:45,2026-03-20 21:53:45,SYSTEM,REF-C60A47E7,,
TXN-2026-000461,ACC-100091,CUST-B187,PAYMENT,1379.85,USD,26419.21,Planet Fitness,FITNESS,Payment at Planet Fitness,COMPLETED,2026-03-12 03:23:02,2026-03-12 03:25:02,SYSTEM,REF-403958D5,,
TXN-2026-000462,ACC-100091,CUST-B187,CREDIT,54.47,USD,26473.68,Home Depot,HOME_IMPROVEMENT,Credit at Home Depot,COMPLETED,2026-01-26 19:43:19,2026-01-26 20:11:19,ATM,REF-B24D4885,,
TXN-2026-000463,ACC-100091,CUST-B187,DEBIT,1168.95,USD,25304.73,Whole Foods Market,GROCERY,Debit at Whole Foods Market,COMPLETED,2025-08-26 06:31:50,2025-08-26 07:20:50,POS,REF-8342A02B,,
TXN-2026-000464,ACC-100091,CUST-B187,TRANSFER,1355.74,USD,23948.99,Apple Store,ELECTRONICS,Transfer at Apple Store,COMPLETED,2025-07-04 22:24:43,2025-07-04 22:49:43,ATM,REF-092F5CFF,,
TXN-2026-000465,ACC-100092,CUST-B065,DEBIT,1817.35,USD,34479.87,Venmo,TRANSFER,Debit at Venmo,FAILED,2025-10-19 05:22:06,,MOBILE,REF-FA5AA0FA,LIMIT_EXCEEDED,
TXN-2026-000466,ACC-100092,CUST-B065,DEBIT,572.88,USD,33906.99,PG&E,UTILITIES,Debit at PG&E,FAILED,2025-10-15 10:51:58,,ONLINE,REF-95B0F5F4,INSUFFICIENT_FUNDS,
TXN-2026-000467,ACC-100092,CUST-B065,WIRE,1608.35,USD,32298.64,Planet Fitness,FITNESS,Wire at Planet Fitness,FAILED,2025-09-21 02:15:50,,MOBILE,REF-819FFE84,CARD_DECLINED,
TXN-2026-000468,ACC-100092,CUST-B065,DEBIT,291.56,USD,32007.08,Netflix,SUBSCRIPTION,Debit at Netflix,COMPLETED,2025-09-26 18:19:08,2025-09-26 19:14:08,ATM,REF-8A2E8852,,
TXN-2026-000469,ACC-100092,CUST-B065,WIRE,181.45,USD,31825.63,Costco,GROCERY,Wire at Costco,COMPLETED,2025-11-07 00:26:59,2025-11-07 00:43:59,SYSTEM,REF-43031180,,
TXN-2026-000470,ACC-100092,CUST-B065,DEBIT,402.52,USD,31423.11,Airbnb,TRAVEL,Debit at Airbnb,COMPLETED,2026-04-20 05:26:47,2026-04-20 06:01:47,ATM,REF-6F25384A,,
TXN-2026-000471,ACC-100092,CUST-B065,CREDIT,990.73,USD,32413.84,Digital Bank Loans,FINANCIAL_SERVICES,Credit at Digital Bank Loans,PENDING,2026-03-15 07:57:28,2026-03-15 07:58:28,ONLINE,REF-891FF25C,,
TXN-2026-000472,ACC-100092,CUST-B065,CREDIT,1912.27,USD,34326.11,Chevron,GAS,Credit at Chevron,COMPLETED,2026-04-20 23:42:32,2026-04-20 23:49:32,ATM,REF-85AC8484,,
TXN-2026-000473,ACC-100093,CUST-B047,TRANSFER,1814.05,USD,72407.98,Lyft,TRANSPORT,Transfer at Lyft,PENDING,2026-02-06 09:50:22,2026-02-06 09:57:22,MOBILE,REF-4F180B1D,,
TXN-2026-000474,ACC-100093,CUST-B047,PAYMENT,1164.23,USD,71243.75,Costco,GROCERY,Payment at Costco,COMPLETED,2026-01-06 15:32:14,2026-01-06 15:48:14,MOBILE,REF-653B3FC7,,
TXN-2026-000475,ACC-100093,CUST-B047,PAYMENT,1027.49,USD,70216.26,Home Depot,HOME_IMPROVEMENT,Payment at Home Depot,COMPLETED,2026-01-10 09:50:46,,SYSTEM,REF-ED5A2213,,
TXN-2026-000476,ACC-100093,CUST-B047,DEBIT,642.76,USD,69573.50,Whole Foods Market,GROCERY,Debit at Whole Foods Market,COMPLETED,2026-02-25 05:51:58,2026-02-25 06:01:58,ATM,REF-EBF24EE1,,
TXN-2026-000477,ACC-100093,CUST-B047,PAYMENT,102.19,USD,69471.31,Verizon,TELECOM,Payment at Verizon,COMPLETED,2025-09-22 06:30:23,2025-09-22 07:29:23,ONLINE,REF-A3E4BC27,,
TXN-2026-000478,ACC-100093,CUST-B047,DEBIT,1199.53,USD,68271.78,Lyft,TRANSPORT,Debit at Lyft,COMPLETED,2025-08-04 21:49:10,2025-08-04 22:44:10,ATM,REF-8038F5AC,,
TXN-2026-000479,ACC-100093,CUST-B047,PAYMENT,196.19,USD,68075.59,Starbucks,CAFE,Payment at Starbucks,COMPLETED,2026-01-12 06:25:35,2026-01-12 06:34:35,SYSTEM,REF-CEEB4890,,
TXN-2026-000480,ACC-100094,CUST-B196,TRANSFER,826.93,USD,11907.72,PG&E,UTILITIES,Transfer at PG&E,COMPLETED,2025-08-03 07:32:30,2025-08-03 07:41:30,ONLINE,REF-48D71B8E,,
TXN-2026-000481,ACC-100094,CUST-B196,DEBIT,837.61,USD,11070.11,H&M,RETAIL,Debit at H&M,FAILED,2025-06-30 16:06:09,,ATM,REF-D94B861E,CARD_DECLINED,
TXN-2026-000482,ACC-100094,CUST-B196,PAYMENT,282.33,USD,10787.78,Chipotle,RESTAURANT,Payment at Chipotle,COMPLETED,2025-11-19 15:09:35,2025-11-19 15:47:35,ATM,REF-6A2AC433,,
TXN-2026-000483,ACC-100094,CUST-B196,CREDIT,62.38,USD,10850.16,Lyft,TRANSPORT,Credit at Lyft,FAILED,2026-04-13 08:22:51,,ONLINE,REF-C20476D9,ACCOUNT_FROZEN,
TXN-2026-000484,ACC-100094,CUST-B196,DEBIT,423.63,USD,10426.53,Chipotle,RESTAURANT,Debit at Chipotle,PENDING,2025-07-01 12:39:04,2025-07-01 13:27:04,POS,REF-B06742E1,,
TXN-2026-000485,ACC-100094,CUST-B196,TRANSFER,1515.88,USD,8910.65,Walmart,GROCERY,Transfer at Walmart,PENDING,2025-06-17 12:17:11,2025-06-17 12:19:11,SYSTEM,REF-42B0F0B2,,
TXN-2026-000486,ACC-100095,CUST-B110,TRANSFER,242.25,USD,16502.17,Whole Foods Market,GROCERY,Transfer at Whole Foods Market,COMPLETED,2025-09-07 06:14:49,,POS,REF-719DED68,,
TXN-2026-000487,ACC-100095,CUST-B110,DEBIT,1840.60,USD,14661.57,Best Buy,ELECTRONICS,Debit at Best Buy,COMPLETED,2025-08-19 18:28:40,2025-08-19 18:40:40,ATM,REF-9FAA03F6,,
TXN-2026-000488,ACC-100095,CUST-B110,DEBIT,295.39,USD,14366.18,Walmart,GROCERY,Debit at Walmart,COMPLETED,2026-03-17 19:04:10,2026-03-17 20:04:10,ATM,REF-3071E261,,
TXN-2026-000489,ACC-100095,CUST-B110,DEBIT,1012.29,USD,13353.89,Uber,TRANSPORT,Debit at Uber,COMPLETED,2025-06-27 12:56:50,,POS,REF-3E34171F,,
TXN-2026-000490,ACC-100095,CUST-B110,DEBIT,1433.04,USD,11920.85,Marriott,TRAVEL,Debit at Marriott,COMPLETED,2025-09-18 11:05:44,2025-09-18 11:53:44,POS,REF-110695BE,,
TXN-2026-000491,ACC-100095,CUST-B110,TRANSFER,736.09,USD,11184.76,Grubhub,FOOD_DELIVERY,Transfer at Grubhub,FAILED,2026-01-15 21:25:30,,ATM,REF-F41493F6,ACCOUNT_FROZEN,
TXN-2026-000492,ACC-100095,CUST-B110,WIRE,432.48,USD,10752.28,Comcast,UTILITIES,Wire at Comcast,FAILED,2025-08-28 08:57:32,,MOBILE,REF-108AFA64,INSUFFICIENT_FUNDS,
TXN-2026-000493,ACC-100095,CUST-B110,DEBIT,994.15,USD,9758.13,Home Depot,HOME_IMPROVEMENT,Debit at Home Depot,PENDING,2025-10-19 07:05:53,2025-10-19 07:40:53,POS,REF-6ACF39AA,,
TXN-2026-000494,ACC-100096,CUST-B181,DEBIT,772.64,USD,6206.36,United Airlines,TRAVEL,Debit at United Airlines,COMPLETED,2025-11-25 11:02:35,2025-11-25 11:21:35,MOBILE,REF-168A584E,,
TXN-2026-000495,ACC-100096,CUST-B181,WIRE,584.73,USD,5621.63,Shell,GAS,Wire at Shell,COMPLETED,2026-04-29 04:35:09,2026-04-29 05:29:09,MOBILE,REF-B4737E55,,
TXN-2026-000496,ACC-100096,CUST-B181,DEBIT,30.51,USD,5591.12,PG&E,UTILITIES,Debit at PG&E,COMPLETED,2026-02-17 19:36:59,2026-02-17 19:42:59,SYSTEM,REF-3A5D4AC9,,
TXN-2026-000497,ACC-100096,CUST-B181,DEBIT,291.02,USD,5300.10,Apple Store,ELECTRONICS,Debit at Apple Store,PENDING,2025-11-03 14:05:20,2025-11-03 14:11:20,ONLINE,REF-B4F4961B,,
TXN-2026-000498,ACC-100096,CUST-B181,PAYMENT,1950.54,USD,3349.56,Costco,GROCERY,Payment at Costco,FAILED,2025-10-10 12:16:32,,ONLINE,REF-8FA7466E,INSUFFICIENT_FUNDS,
TXN-2026-000499,ACC-100096,CUST-B181,TRANSFER,560.64,USD,2788.92,LA Fitness,FITNESS,Transfer at LA Fitness,COMPLETED,2026-03-05 02:14:39,2026-03-05 02:51:39,MOBILE,REF-B55BC837,,
TXN-2026-000500,ACC-100097,CUST-B077,WIRE,1975.11,USD,93143.81,Delta Airlines,TRAVEL,Wire at Delta Airlines,COMPLETED,2025-12-16 14:43:43,2025-12-16 15:32:43,POS,REF-B8AAB6D6,,
TXN-2026-000501,ACC-100097,CUST-B077,TRANSFER,997.06,USD,92146.75,Chevron,GAS,Transfer at Chevron,COMPLETED,2026-01-31 00:50:32,2026-01-31 00:51:32,POS,REF-4E7494D7,,
TXN-2026-000502,ACC-100097,CUST-B077,TRANSFER,1357.82,USD,90788.93,Costco,GROCERY,Transfer at Costco,COMPLETED,2025-08-09 13:17:34,2025-08-09 14:00:34,ATM,REF-BC2987F7,,
TXN-2026-000503,ACC-100097,CUST-B077,DEBIT,1521.54,USD,89267.39,Zelle,TRANSFER,Debit at Zelle,COMPLETED,2026-02-12 17:43:04,2026-02-12 18:32:04,MOBILE,REF-9801CC5E,,
TXN-2026-000504,ACC-100097,CUST-B077,CREDIT,1325.88,USD,90593.27,DoorDash,FOOD_DELIVERY,Credit at DoorDash,COMPLETED,2025-12-08 09:27:52,2025-12-08 10:01:52,SYSTEM,REF-A5E4EACD,,
TXN-2026-000505,ACC-100097,CUST-B077,DEBIT,1905.40,USD,88687.87,Nordstrom,RETAIL,Debit at Nordstrom,FAILED,2025-06-13 06:31:10,,MOBILE,REF-4B7AE6B2,CARD_DECLINED,
TXN-2026-000506,ACC-100098,CUST-B127,TRANSFER,922.01,USD,17455.76,Comcast,UTILITIES,Transfer at Comcast,FAILED,2025-06-13 18:16:31,,ONLINE,REF-846EBE08,LIMIT_EXCEEDED,
TXN-2026-000507,ACC-100098,CUST-B127,WIRE,273.30,USD,17182.46,United Airlines,TRAVEL,Wire at United Airlines,COMPLETED,2026-03-05 23:01:25,2026-03-05 23:49:25,MOBILE,REF-9524BA9F,,
TXN-2026-000508,ACC-100098,CUST-B127,TRANSFER,954.44,USD,16228.02,H&M,RETAIL,Transfer at H&M,COMPLETED,2026-04-28 19:07:58,2026-04-28 19:10:58,MOBILE,REF-CD8903F6,,
TXN-2026-000509,ACC-100098,CUST-B127,WIRE,1235.79,USD,14992.23,Digital Bank Loans,FINANCIAL_SERVICES,Wire at Digital Bank Loans,COMPLETED,2025-10-15 23:59:47,2025-10-16 00:17:47,POS,REF-E4B9691F,,
TXN-2026-000510,ACC-100098,CUST-B127,DEBIT,260.76,USD,14731.47,Digital Bank Loans,FINANCIAL_SERVICES,Debit at Digital Bank Loans,COMPLETED,2025-10-21 07:11:22,2025-10-21 07:58:22,ATM,REF-2FE96DB9,,
TXN-2026-000511,ACC-100098,CUST-B127,DEBIT,859.16,USD,13872.31,Comcast,UTILITIES,Debit at Comcast,COMPLETED,2025-10-17 18:53:35,2025-10-17 18:56:35,ONLINE,REF-85968D45,,
TXN-2026-000512,ACC-100099,CUST-B184,DEBIT,1821.23,USD,192.96,Chipotle,RESTAURANT,Debit at Chipotle,COMPLETED,2025-06-26 10:30:23,2025-06-26 10:37:23,POS,REF-09596643,,
TXN-2026-000513,ACC-100099,CUST-B184,PAYMENT,79.57,USD,113.39,Nordstrom,RETAIL,Payment at Nordstrom,COMPLETED,2026-02-11 10:50:24,2026-02-11 11:26:24,MOBILE,REF-70EFA117,,
TXN-2026-000514,ACC-100099,CUST-B184,DEBIT,1393.44,USD,0.00,Starbucks,CAFE,Debit at Starbucks,COMPLETED,2026-01-15 08:27:24,,SYSTEM,REF-4FB60A52,,
TXN-2026-000515,ACC-100099,CUST-B184,PAYMENT,1147.21,USD,0.00,Comcast,UTILITIES,Payment at Comcast,COMPLETED,2026-04-10 22:08:58,2026-04-10 22:52:58,ATM,REF-FEBC2C2A,,
TXN-2026-000516,ACC-100099,CUST-B184,PAYMENT,337.42,USD,0.00,United Airlines,TRAVEL,Payment at United Airlines,COMPLETED,2025-09-25 07:44:13,2025-09-25 08:11:13,POS,REF-84193C95,,
TXN-2026-000517,ACC-100100,CUST-B165,CREDIT,533.98,USD,3224.69,Grubhub,FOOD_DELIVERY,Credit at Grubhub,PENDING,2025-09-24 11:13:32,2025-09-24 11:38:32,SYSTEM,REF-D990A859,,
TXN-2026-000518,ACC-100100,CUST-B165,DEBIT,1185.77,USD,2038.92,Apple Store,ELECTRONICS,Debit at Apple Store,PENDING,2025-09-15 03:56:45,,MOBILE,REF-2C72C605,,
TXN-2026-000519,ACC-100100,CUST-B165,DEBIT,697.90,USD,1341.02,LA Fitness,FITNESS,Debit at LA Fitness,COMPLETED,2025-06-30 18:32:16,2025-06-30 18:51:16,ATM,REF-6598B664,,
TXN-2026-000520,ACC-100100,CUST-B165,PAYMENT,404.15,USD,936.87,LA Fitness,FITNESS,Payment at LA Fitness,COMPLETED,2025-11-04 05:43:00,2025-11-04 06:15:00,SYSTEM,REF-A070A5AB,,
TXN-2026-000521,ACC-100100,CUST-B165,DEBIT,1257.55,USD,0.00,Lyft,TRANSPORT,Debit at Lyft,COMPLETED,2025-12-18 11:33:26,2025-12-18 12:09:26,MOBILE,REF-9971401A,,
TXN-2026-000522,ACC-100100,CUST-B165,WIRE,1869.60,USD,0.00,Starbucks,CAFE,Wire at Starbucks,COMPLETED,2026-03-10 04:32:35,2026-03-10 05:05:35,MOBILE,REF-7075DBAB,,
TXN-2026-000523,ACC-100100,CUST-B165,DEBIT,305.19,USD,0.00,Spotify,SUBSCRIPTION,Debit at Spotify,COMPLETED,2026-02-22 03:31:14,2026-02-22 04:25:14,ATM,REF-B9E87590,,
TXN-2026-000524,ACC-100100,CUST-B165,DEBIT,1692.70,USD,0.00,Costco,GROCERY,Debit at Costco,COMPLETED,2025-09-12 16:00:44,2025-09-12 16:41:44,SYSTEM,REF-89827231,,
TXN-2026-000525,ACC-100101,CUST-B146,DEBIT,231.55,USD,28964.20,AT&T,TELECOM,Debit at AT&T,PENDING,2025-08-14 12:47:12,,ATM,REF-0C15B1BE,,
TXN-2026-000526,ACC-100101,CUST-B146,TRANSFER,1121.85,USD,27842.35,Airbnb,TRAVEL,Transfer at Airbnb,COMPLETED,2025-11-17 09:03:12,2025-11-17 10:00:12,ONLINE,REF-55EE1ED7,,
TXN-2026-000527,ACC-100101,CUST-B146,DEBIT,63.14,USD,27779.21,Starbucks,CAFE,Debit at Starbucks,COMPLETED,2026-04-03 16:15:22,2026-04-03 16:57:22,POS,REF-13A93A62,,
TXN-2026-000528,ACC-100101,CUST-B146,DEBIT,115.38,USD,27663.83,United Airlines,TRAVEL,Debit at United Airlines,FAILED,2025-07-03 14:16:48,,ATM,REF-AABBE395,CARD_DECLINED,
TXN-2026-000529,ACC-100101,CUST-B146,WIRE,1886.61,USD,25777.22,Apple Store,ELECTRONICS,Wire at Apple Store,COMPLETED,2026-03-09 06:21:15,2026-03-09 06:36:15,SYSTEM,REF-77171BC1,,
TXN-2026-000530,ACC-100102,CUST-B052,CREDIT,995.42,USD,1827.38,Marriott,TRAVEL,Credit at Marriott,PENDING,2025-07-06 01:10:46,2025-07-06 01:17:46,ATM,REF-60DF84F2,,
TXN-2026-000531,ACC-100102,CUST-B052,WIRE,1612.65,USD,214.73,Walgreens,HEALTH,Wire at Walgreens,COMPLETED,2026-03-16 22:12:00,2026-03-16 22:39:00,POS,REF-AA0EE02E,,
TXN-2026-000532,ACC-100102,CUST-B052,DEBIT,1940.00,USD,0.00,Lyft,TRANSPORT,Debit at Lyft,COMPLETED,2025-11-18 16:12:27,2025-11-18 17:07:27,MOBILE,REF-ED7A36AF,,
TXN-2026-000533,ACC-100102,CUST-B052,PAYMENT,1400.74,USD,0.00,Nordstrom,RETAIL,Payment at Nordstrom,COMPLETED,2025-07-14 20:52:33,2025-07-14 21:19:33,ONLINE,REF-39870392,,
TXN-2026-000534,ACC-100103,CUST-B172,PAYMENT,953.07,USD,146596.36,Spotify,SUBSCRIPTION,Payment at Spotify,COMPLETED,2025-10-21 19:34:42,2025-10-21 19:35:42,SYSTEM,REF-FED21F15,,
TXN-2026-000535,ACC-100103,CUST-B172,DEBIT,1382.91,USD,145213.45,Target,RETAIL,Debit at Target,COMPLETED,2026-04-03 08:10:26,2026-04-03 08:26:26,ATM,REF-FAA261FE,,
TXN-2026-000536,ACC-100103,CUST-B172,DEBIT,1072.15,USD,144141.30,PG&E,UTILITIES,Debit at PG&E,COMPLETED,2025-08-31 19:14:20,2025-08-31 19:38:20,MOBILE,REF-621561EB,,
TXN-2026-000537,ACC-100103,CUST-B172,CREDIT,185.05,USD,144326.35,Chevron,GAS,Credit at Chevron,COMPLETED,2026-04-16 12:11:30,2026-04-16 12:30:30,ONLINE,REF-D56CC12E,,
TXN-2026-000538,ACC-100103,CUST-B172,PAYMENT,1759.54,USD,142566.81,Planet Fitness,FITNESS,Payment at Planet Fitness,COMPLETED,2026-03-25 18:32:35,2026-03-25 19:22:35,POS,REF-9AC20D29,,
TXN-2026-000539,ACC-100103,CUST-B172,TRANSFER,1475.20,USD,141091.61,United Airlines,TRAVEL,Transfer at United Airlines,FAILED,2026-04-23 16:12:42,,ONLINE,REF-C601984B,INSUFFICIENT_FUNDS,
TXN-2026-000540,ACC-100104,CUST-B069,DEBIT,706.95,USD,38474.44,Chevron,GAS,Debit at Chevron,PENDING,2026-01-20 20:07:38,2026-01-20 20:42:38,MOBILE,REF-D0D4A6E9,,
TXN-2026-000541,ACC-100104,CUST-B069,DEBIT,1284.54,USD,37189.90,Walmart,GROCERY,Debit at Walmart,COMPLETED,2025-08-11 08:34:38,2025-08-11 09:24:38,POS,REF-8D17DFCA,,
TXN-2026-000542,ACC-100104,CUST-B069,DEBIT,1258.45,USD,35931.45,AT&T,TELECOM,Debit at AT&T,COMPLETED,2025-09-30 20:05:56,2025-09-30 20:12:56,SYSTEM,REF-369F02B2,,
TXN-2026-000543,ACC-100104,CUST-B069,WIRE,1586.32,USD,34345.13,Netflix,SUBSCRIPTION,Wire at Netflix,PENDING,2025-10-03 01:00:56,2025-10-03 01:55:56,ATM,REF-80BB1E36,,
TXN-2026-000544,ACC-100104,CUST-B069,PAYMENT,1600.06,USD,32745.07,Lyft,TRANSPORT,Payment at Lyft,COMPLETED,2025-08-17 03:40:48,,MOBILE,REF-F84A9DB9,,
TXN-2026-000545,ACC-100104,CUST-B069,DEBIT,46.37,USD,32698.70,Comcast,UTILITIES,Debit at Comcast,COMPLETED,2025-06-09 22:05:48,2025-06-09 22:46:48,ONLINE,REF-AF971962,,
TXN-2026-000546,ACC-100104,CUST-B069,TRANSFER,400.54,USD,32298.16,Apple Store,ELECTRONICS,Transfer at Apple Store,COMPLETED,2026-02-28 08:13:39,2026-02-28 08:16:39,MOBILE,REF-E194B2B1,,
TXN-2026-000547,ACC-100104,CUST-B069,CREDIT,302.76,USD,32600.92,Venmo,TRANSFER,Credit at Venmo,COMPLETED,2025-10-21 21:15:51,2025-10-21 21:51:51,SYSTEM,REF-F339CEFB,,
TXN-2026-000548,ACC-100104,CUST-B069,TRANSFER,1655.38,USD,30945.54,LA Fitness,FITNESS,Transfer at LA Fitness,COMPLETED,2025-12-09 21:48:10,2025-12-09 22:33:10,ATM,REF-D883F929,,
TXN-2026-000549,ACC-100105,CUST-B179,WIRE,264.75,USD,7442.35,United Airlines,TRAVEL,Wire at United Airlines,FAILED,2026-04-29 13:38:46,,ONLINE,REF-300D2EF2,LIMIT_EXCEEDED,
TXN-2026-000550,ACC-100105,CUST-B179,DEBIT,820.01,USD,6622.34,Verizon,TELECOM,Debit at Verizon,FAILED,2025-07-27 16:17:09,,SYSTEM,REF-0F18CEB6,ACCOUNT_FROZEN,
TXN-2026-000551,ACC-100105,CUST-B179,DEBIT,742.43,USD,5879.91,Planet Fitness,FITNESS,Debit at Planet Fitness,COMPLETED,2026-02-21 17:49:53,2026-02-21 17:54:53,ONLINE,REF-B3EB0EA1,,
TXN-2026-000552,ACC-100105,CUST-B179,WIRE,1375.27,USD,4504.64,CVS Pharmacy,HEALTH,Wire at CVS Pharmacy,PENDING,2026-03-05 00:46:22,2026-03-05 01:13:22,ATM,REF-1CEEB39B,,
TXN-2026-000553,ACC-100105,CUST-B179,DEBIT,1116.21,USD,3388.43,Costco,GROCERY,Debit at Costco,COMPLETED,2025-06-21 05:43:29,2025-06-21 05:58:29,ATM,REF-439ACBDD,,
TXN-2026-000554,ACC-100105,CUST-B179,DEBIT,15.70,USD,3372.73,Venmo,TRANSFER,Debit at Venmo,FAILED,2025-12-13 22:40:20,,ONLINE,REF-701187C5,LIMIT_EXCEEDED,
TXN-2026-000555,ACC-100106,CUST-B042,DEBIT,524.28,USD,41075.34,Target,RETAIL,Debit at Target,FAILED,2025-12-13 15:15:35,,POS,REF-C18E8386,ACCOUNT_FROZEN,
TXN-2026-000556,ACC-100106,CUST-B042,WIRE,287.88,USD,40787.46,CVS Pharmacy,HEALTH,Wire at CVS Pharmacy,COMPLETED,2025-07-16 09:02:48,2025-07-16 09:10:48,ATM,REF-9B0D9C36,,
TXN-2026-000557,ACC-100106,CUST-B042,WIRE,569.44,USD,40218.02,PG&E,UTILITIES,Wire at PG&E,FAILED,2025-09-11 05:21:16,,MOBILE,REF-BC9F7A23,LIMIT_EXCEEDED,
TXN-2026-000558,ACC-100106,CUST-B042,PAYMENT,1475.05,USD,38742.97,Uber,TRANSPORT,Payment at Uber,COMPLETED,2025-12-08 19:00:46,2025-12-08 19:09:46,MOBILE,REF-E6C6CA75,,
TXN-2026-000559,ACC-100106,CUST-B042,DEBIT,301.50,USD,38441.47,Whole Foods Market,GROCERY,Debit at Whole Foods Market,COMPLETED,2025-08-29 06:27:20,2025-08-29 06:57:20,MOBILE,REF-5E8727C8,,
TXN-2026-000560,ACC-100106,CUST-B042,DEBIT,1990.43,USD,36451.04,LA Fitness,FITNESS,Debit at LA Fitness,COMPLETED,2025-12-10 04:54:10,,SYSTEM,REF-0D2F06D2,,
TXN-2026-000561,ACC-100106,CUST-B042,TRANSFER,988.51,USD,35462.53,United Airlines,TRAVEL,Transfer at United Airlines,COMPLETED,2026-04-25 11:47:05,2026-04-25 11:56:05,POS,REF-35F7F186,,
TXN-2026-000562,ACC-100106,CUST-B042,CREDIT,365.41,USD,35827.94,Grubhub,FOOD_DELIVERY,Credit at Grubhub,COMPLETED,2025-08-05 08:37:23,2025-08-05 09:29:23,SYSTEM,REF-70D00C45,,
TXN-2026-000563,ACC-100107,CUST-B195,DEBIT,1054.40,USD,16490.95,Digital Bank Loans,FINANCIAL_SERVICES,Debit at Digital Bank Loans,COMPLETED,2026-01-08 16:07:40,2026-01-08 17:05:40,MOBILE,REF-BCF14662,,
TXN-2026-000564,ACC-100107,CUST-B195,PAYMENT,56.79,USD,16434.16,Best Buy,ELECTRONICS,Payment at Best Buy,COMPLETED,2026-02-20 14:17:28,2026-02-20 14:24:28,SYSTEM,REF-0DF43F14,,
TXN-2026-000565,ACC-100107,CUST-B195,PAYMENT,311.78,USD,16122.38,Best Buy,ELECTRONICS,Payment at Best Buy,COMPLETED,2025-07-02 11:33:50,2025-07-02 12:18:50,MOBILE,REF-14702B76,,
TXN-2026-000566,ACC-100107,CUST-B195,DEBIT,662.21,USD,15460.17,Starbucks,CAFE,Debit at Starbucks,COMPLETED,2025-06-18 00:41:01,2025-06-18 01:41:01,SYSTEM,REF-994C936F,,
TXN-2026-000567,ACC-100107,CUST-B195,DEBIT,1727.24,USD,13732.93,Netflix,SUBSCRIPTION,Debit at Netflix,PENDING,2026-04-08 07:03:42,2026-04-08 07:23:42,POS,REF-50211FB1,,
TXN-2026-000568,ACC-100108,CUST-B102,WIRE,189.64,USD,1135.10,Venmo,TRANSFER,Wire at Venmo,FAILED,2025-09-08 02:17:59,,POS,REF-FB9B6752,INSUFFICIENT_FUNDS,
TXN-2026-000569,ACC-100108,CUST-B102,DEBIT,780.06,USD,355.04,Grubhub,FOOD_DELIVERY,Debit at Grubhub,FAILED,2025-11-04 06:36:17,,POS,REF-99C8EF31,ACCOUNT_FROZEN,
TXN-2026-000570,ACC-100108,CUST-B102,TRANSFER,1603.20,USD,0.00,Chipotle,RESTAURANT,Transfer at Chipotle,FAILED,2026-03-13 18:59:06,,ATM,REF-D14E3B12,ACCOUNT_FROZEN,
TXN-2026-000571,ACC-100108,CUST-B102,PAYMENT,1027.74,USD,0.00,Best Buy,ELECTRONICS,Payment at Best Buy,COMPLETED,2025-12-08 03:37:02,2025-12-08 04:01:02,SYSTEM,REF-7E31A440,,
TXN-2026-000572,ACC-100108,CUST-B102,WIRE,184.99,USD,0.00,Venmo,TRANSFER,Wire at Venmo,COMPLETED,2025-11-12 02:19:27,2025-11-12 02:58:27,MOBILE,REF-FBC81764,,
TXN-2026-000573,ACC-100108,CUST-B102,DEBIT,1029.12,USD,0.00,Apple Store,ELECTRONICS,Debit at Apple Store,COMPLETED,2025-11-28 00:21:53,2025-11-28 01:02:53,ONLINE,REF-F95B95B1,,
TXN-2026-000574,ACC-100108,CUST-B102,DEBIT,584.95,USD,0.00,United Airlines,TRAVEL,Debit at United Airlines,PENDING,2025-11-17 20:26:56,,ATM,REF-75F2B319,,
TXN-2026-000575,ACC-100108,CUST-B102,DEBIT,1370.21,USD,0.00,Spotify,SUBSCRIPTION,Debit at Spotify,COMPLETED,2025-09-25 16:00:41,2025-09-25 16:33:41,SYSTEM,REF-ADB7242C,,
TXN-2026-000576,ACC-100109,CUST-B027,DEBIT,1835.02,USD,82362.40,H&M,RETAIL,Debit at H&M,COMPLETED,2025-12-17 09:22:12,2025-12-17 09:49:12,MOBILE,REF-DFDBAF57,,
TXN-2026-000577,ACC-100109,CUST-B027,CREDIT,714.14,USD,83076.54,Zara,RETAIL,Credit at Zara,COMPLETED,2026-01-14 09:53:17,,POS,REF-EA4826BF,,
TXN-2026-000578,ACC-100109,CUST-B027,DEBIT,1573.42,USD,81503.12,Airbnb,TRAVEL,Debit at Airbnb,COMPLETED,2026-04-24 08:29:20,2026-04-24 08:34:20,ATM,REF-93E1BFE4,,
TXN-2026-000579,ACC-100109,CUST-B027,TRANSFER,1515.92,USD,79987.20,CVS Pharmacy,HEALTH,Transfer at CVS Pharmacy,COMPLETED,2025-11-22 17:49:06,2025-11-22 18:05:06,ONLINE,REF-0A71B822,,
TXN-2026-000580,ACC-100110,CUST-B050,DEBIT,1495.32,USD,0.00,Lyft,TRANSPORT,Debit at Lyft,COMPLETED,2026-01-21 14:10:51,2026-01-21 14:53:51,SYSTEM,REF-5AF6E8AF,,
TXN-2026-000581,ACC-100110,CUST-B050,DEBIT,792.89,USD,0.00,Walmart,GROCERY,Debit at Walmart,COMPLETED,2025-06-06 04:00:28,2025-06-06 04:30:28,MOBILE,REF-0DCBF7AF,,
TXN-2026-000582,ACC-100110,CUST-B050,TRANSFER,609.09,USD,0.00,Venmo,TRANSFER,Transfer at Venmo,COMPLETED,2026-04-12 18:56:38,2026-04-12 19:19:38,MOBILE,REF-33F00596,,
TXN-2026-000583,ACC-100110,CUST-B050,DEBIT,254.55,USD,0.00,Chipotle,RESTAURANT,Debit at Chipotle,COMPLETED,2025-06-06 09:19:58,2025-06-06 10:11:58,ONLINE,REF-58F79B86,,
TXN-2026-000584,ACC-100110,CUST-B050,DEBIT,964.83,USD,0.00,Walmart,GROCERY,Debit at Walmart,PENDING,2025-07-27 08:56:06,2025-07-27 09:23:06,SYSTEM,REF-634CED66,,
TXN-2026-000585,ACC-100111,CUST-B167,CREDIT,1540.59,USD,36836.42,Apple Store,ELECTRONICS,Credit at Apple Store,COMPLETED,2025-07-28 13:00:14,2025-07-28 13:01:14,ONLINE,REF-9CCEB414,,
TXN-2026-000586,ACC-100111,CUST-B167,TRANSFER,945.62,USD,35890.80,Planet Fitness,FITNESS,Transfer at Planet Fitness,COMPLETED,2025-11-22 13:47:43,2025-11-22 13:59:43,MOBILE,REF-46F76327,,
TXN-2026-000587,ACC-100111,CUST-B167,PAYMENT,20.71,USD,35870.09,Whole Foods Market,GROCERY,Payment at Whole Foods Market,FAILED,2026-01-31 19:50:45,,SYSTEM,REF-835DE16B,CARD_DECLINED,
TXN-2026-000588,ACC-100111,CUST-B167,CREDIT,78.85,USD,35948.94,Venmo,TRANSFER,Credit at Venmo,PENDING,2025-11-03 05:17:27,2025-11-03 05:54:27,MOBILE,REF-54C73344,,
TXN-2026-000589,ACC-100111,CUST-B167,DEBIT,1058.98,USD,34889.96,Shell,GAS,Debit at Shell,COMPLETED,2025-11-11 21:22:02,2025-11-11 21:57:02,MOBILE,REF-E8C494E1,,
TXN-2026-000590,ACC-100112,CUST-B109,TRANSFER,1247.28,USD,16288.99,Home Depot,HOME_IMPROVEMENT,Transfer at Home Depot,COMPLETED,2026-02-06 22:49:56,2026-02-06 23:33:56,ONLINE,REF-F8F5E81E,,
TXN-2026-000591,ACC-100112,CUST-B109,DEBIT,941.13,USD,15347.86,McDonald's,RESTAURANT,Debit at McDonald's,COMPLETED,2025-11-18 03:29:15,2025-11-18 03:43:15,ATM,REF-410C1D92,,
TXN-2026-000592,ACC-100112,CUST-B109,TRANSFER,266.66,USD,15081.20,Venmo,TRANSFER,Transfer at Venmo,FAILED,2025-09-22 22:37:50,,MOBILE,REF-89F79ECE,LIMIT_EXCEEDED,
TXN-2026-000593,ACC-100112,CUST-B109,DEBIT,568.50,USD,14512.70,Uber,TRANSPORT,Debit at Uber,COMPLETED,2026-03-18 23:33:22,,ONLINE,REF-044A275D,,
TXN-2026-000594,ACC-100112,CUST-B109,DEBIT,1213.47,USD,13299.23,DoorDash,FOOD_DELIVERY,Debit at DoorDash,FAILED,2025-07-10 04:29:27,,ONLINE,REF-685AB143,LIMIT_EXCEEDED,
TXN-2026-000595,ACC-100112,CUST-B109,DEBIT,1998.53,USD,11300.70,Grubhub,FOOD_DELIVERY,Debit at Grubhub,COMPLETED,2025-10-18 08:08:05,2025-10-18 08:30:05,ONLINE,REF-92CA848F,,
TXN-2026-000596,ACC-100112,CUST-B109,DEBIT,1614.60,USD,9686.10,Hilton Hotels,TRAVEL,Debit at Hilton Hotels,COMPLETED,2025-10-10 03:54:57,2025-10-10 04:33:57,SYSTEM,REF-5AACA084,,
TXN-2026-000597,ACC-100113,CUST-B054,CREDIT,1987.36,USD,19565.05,United Airlines,TRAVEL,Credit at United Airlines,PENDING,2026-04-01 19:39:57,2026-04-01 19:41:57,SYSTEM,REF-DF15B733,,
TXN-2026-000598,ACC-100113,CUST-B054,DEBIT,1707.55,USD,17857.50,Starbucks,CAFE,Debit at Starbucks,PENDING,2025-12-18 03:45:32,2025-12-18 03:51:32,MOBILE,REF-141C7139,,
TXN-2026-000599,ACC-100113,CUST-B054,DEBIT,1949.45,USD,15908.05,Airbnb,TRAVEL,Debit at Airbnb,FAILED,2026-03-31 13:31:42,,SYSTEM,REF-3DB370DA,INSUFFICIENT_FUNDS,
TXN-2026-000600,ACC-100113,CUST-B054,DEBIT,338.26,USD,15569.79,Target,RETAIL,Debit at Target,COMPLETED,2025-07-16 20:23:34,2025-07-16 21:21:34,ATM,REF-109B1ACD,,
TXN-2026-000601,ACC-100113,CUST-B054,TRANSFER,1466.44,USD,14103.35,Planet Fitness,FITNESS,Transfer at Planet Fitness,COMPLETED,2025-07-09 13:29:21,2025-07-09 13:52:21,ONLINE,REF-B09D92B8,,
TXN-2026-000602,ACC-100114,CUST-B156,TRANSFER,1939.43,USD,135903.62,DoorDash,FOOD_DELIVERY,Transfer at DoorDash,PENDING,2026-03-26 17:38:36,2026-03-26 17:53:36,MOBILE,REF-DF3B2494,,
TXN-2026-000603,ACC-100114,CUST-B156,CREDIT,1012.52,USD,136916.14,Walgreens,HEALTH,Credit at Walgreens,PENDING,2025-07-04 02:26:13,2025-07-04 03:11:13,ATM,REF-CDC32FDE,,
TXN-2026-000604,ACC-100114,CUST-B156,DEBIT,1507.65,USD,135408.49,BP,GAS,Debit at BP,COMPLETED,2025-12-23 16:41:54,2025-12-23 16:55:54,MOBILE,REF-80F0DCDB,,
TXN-2026-000605,ACC-100114,CUST-B156,WIRE,1796.64,USD,133611.85,Verizon,TELECOM,Wire at Verizon,COMPLETED,2026-04-28 00:51:18,2026-04-28 01:34:18,POS,REF-7D2C19DB,,
TXN-2026-000606,ACC-100115,CUST-B097,DEBIT,1436.66,USD,17353.98,Spotify,SUBSCRIPTION,Debit at Spotify,COMPLETED,2025-12-18 22:02:21,2025-12-18 22:07:21,MOBILE,REF-5F66BCE6,,
TXN-2026-000607,ACC-100115,CUST-B097,WIRE,127.63,USD,17226.35,Uber,TRANSPORT,Wire at Uber,FAILED,2026-03-22 20:11:09,,SYSTEM,REF-BD04F1A7,ACCOUNT_FROZEN,
TXN-2026-000608,ACC-100115,CUST-B097,CREDIT,841.51,USD,18067.86,Whole Foods Market,GROCERY,Credit at Whole Foods Market,COMPLETED,2026-02-20 10:10:28,2026-02-20 11:05:28,ATM,REF-AC4F6102,,
TXN-2026-000609,ACC-100115,CUST-B097,DEBIT,1654.87,USD,16412.99,Chase Bank ATM,ATM,Debit at Chase Bank ATM,PENDING,2025-12-22 23:22:31,2025-12-22 23:31:31,MOBILE,REF-59A7C15D,,
TXN-2026-000610,ACC-100115,CUST-B097,TRANSFER,1396.45,USD,15016.54,Grubhub,FOOD_DELIVERY,Transfer at Grubhub,PENDING,2026-04-12 06:48:50,2026-04-12 07:13:50,ATM,REF-E13DE1FA,,
TXN-2026-000611,ACC-100115,CUST-B097,DEBIT,1077.18,USD,13939.36,Apple Store,ELECTRONICS,Debit at Apple Store,FAILED,2025-10-30 11:00:11,,ONLINE,REF-FA0C5339,LIMIT_EXCEEDED,
TXN-2026-000612,ACC-100115,CUST-B097,CREDIT,1045.07,USD,14984.43,Apple Store,ELECTRONICS,Credit at Apple Store,COMPLETED,2026-03-22 00:10:59,2026-03-22 00:11:59,SYSTEM,REF-5E1F4169,,
TXN-2026-000613,ACC-100116,CUST-B024,DEBIT,1665.30,USD,93842.20,Chevron,GAS,Debit at Chevron,COMPLETED,2025-09-27 00:56:44,2025-09-27 01:28:44,POS,REF-9482C2AA,,
TXN-2026-000614,ACC-100116,CUST-B024,CREDIT,1255.84,USD,95098.04,PG&E,UTILITIES,Credit at PG&E,COMPLETED,2025-10-16 15:55:51,2025-10-16 16:43:51,POS,REF-6262A1EC,,
TXN-2026-000615,ACC-100116,CUST-B024,CREDIT,1147.01,USD,96245.05,Planet Fitness,FITNESS,Credit at Planet Fitness,PENDING,2025-06-03 00:35:32,2025-06-03 00:50:32,SYSTEM,REF-6E67A390,,
TXN-2026-000616,ACC-100116,CUST-B024,DEBIT,703.92,USD,95541.13,Zara,RETAIL,Debit at Zara,PENDING,2025-09-19 12:03:46,2025-09-19 12:55:46,ONLINE,REF-C4374716,,
TXN-2026-000617,ACC-100116,CUST-B024,DEBIT,214.93,USD,95326.20,Comcast,UTILITIES,Debit at Comcast,PENDING,2025-12-18 13:40:47,2025-12-18 14:32:47,MOBILE,REF-F20748D2,,
TXN-2026-000618,ACC-100116,CUST-B024,DEBIT,1424.72,USD,93901.48,Best Buy,ELECTRONICS,Debit at Best Buy,COMPLETED,2026-04-18 17:35:54,2026-04-18 17:40:54,ONLINE,REF-A129F3B4,,
TXN-2026-000619,ACC-100116,CUST-B024,DEBIT,895.10,USD,93006.38,Delta Airlines,TRAVEL,Debit at Delta Airlines,COMPLETED,2025-10-22 10:04:17,2025-10-22 10:29:17,SYSTEM,REF-0B3B3BDE,,
TXN-2026-000620,ACC-100116,CUST-B024,CREDIT,1170.69,USD,94177.07,AT&T,TELECOM,Credit at AT&T,COMPLETED,2026-02-03 04:14:52,2026-02-03 04:42:52,MOBILE,REF-0D8F98FC,,
TXN-2026-000621,ACC-100117,CUST-B101,DEBIT,292.97,USD,28178.27,Verizon,TELECOM,Debit at Verizon,COMPLETED,2025-07-20 08:52:52,2025-07-20 09:21:52,SYSTEM,REF-590DE86F,,
TXN-2026-000622,ACC-100117,CUST-B101,DEBIT,1390.47,USD,26787.80,Marriott,TRAVEL,Debit at Marriott,COMPLETED,2025-11-24 20:56:14,2025-11-24 21:43:14,SYSTEM,REF-808B5F0B,,
TXN-2026-000623,ACC-100117,CUST-B101,DEBIT,1205.19,USD,25582.61,PG&E,UTILITIES,Debit at PG&E,COMPLETED,2025-11-06 16:36:47,2025-11-06 16:59:47,POS,REF-A0431D0A,,
TXN-2026-000624,ACC-100117,CUST-B101,DEBIT,239.90,USD,25342.71,Marriott,TRAVEL,Debit at Marriott,COMPLETED,2025-09-27 10:06:11,2025-09-27 10:25:11,POS,REF-5F11848F,,
TXN-2026-000625,ACC-100117,CUST-B101,DEBIT,1568.67,USD,23774.04,Spotify,SUBSCRIPTION,Debit at Spotify,FAILED,2025-11-11 19:03:35,,ONLINE,REF-59D0FA31,LIMIT_EXCEEDED,
TXN-2026-000626,ACC-100117,CUST-B101,TRANSFER,9.16,USD,23764.88,Lyft,TRANSPORT,Transfer at Lyft,COMPLETED,2025-12-30 15:25:03,2025-12-30 16:20:03,MOBILE,REF-8549C6E0,,
TXN-2026-000627,ACC-100117,CUST-B101,CREDIT,1133.70,USD,24898.58,Zara,RETAIL,Credit at Zara,PENDING,2025-10-10 04:44:27,2025-10-10 05:14:27,SYSTEM,REF-EC34FAF6,,
TXN-2026-000628,ACC-100117,CUST-B101,DEBIT,1012.00,USD,23886.58,Netflix,SUBSCRIPTION,Debit at Netflix,COMPLETED,2025-11-27 00:14:11,2025-11-27 00:56:11,ATM,REF-B8036008,,
TXN-2026-000629,ACC-100117,CUST-B101,WIRE,777.53,USD,23109.05,Apple Store,ELECTRONICS,Wire at Apple Store,FAILED,2025-11-01 13:22:06,,ATM,REF-48DA8313,CARD_DECLINED,
TXN-2026-000630,ACC-100118,CUST-B060,DEBIT,1415.88,USD,46782.81,Apple Store,ELECTRONICS,Debit at Apple Store,PENDING,2026-01-09 03:22:40,2026-01-09 04:11:40,SYSTEM,REF-3325D680,,
TXN-2026-000631,ACC-100118,CUST-B060,DEBIT,388.89,USD,46393.92,Home Depot,HOME_IMPROVEMENT,Debit at Home Depot,COMPLETED,2026-01-27 06:44:23,2026-01-27 07:32:23,SYSTEM,REF-594D7232,,
TXN-2026-000632,ACC-100118,CUST-B060,DEBIT,1502.36,USD,44891.56,Marriott,TRAVEL,Debit at Marriott,COMPLETED,2025-12-13 04:55:59,2025-12-13 05:02:59,SYSTEM,REF-87DCF9D4,,
TXN-2026-000633,ACC-100118,CUST-B060,DEBIT,553.55,USD,44338.01,Lyft,TRANSPORT,Debit at Lyft,PENDING,2025-08-19 22:14:29,2025-08-19 22:59:29,SYSTEM,REF-6A68F534,,
TXN-2026-000634,ACC-100118,CUST-B060,DEBIT,1614.81,USD,42723.20,Planet Fitness,FITNESS,Debit at Planet Fitness,COMPLETED,2026-01-22 16:17:48,2026-01-22 16:54:48,POS,REF-CDF83309,,
TXN-2026-000635,ACC-100118,CUST-B060,WIRE,365.11,USD,42358.09,Walgreens,HEALTH,Wire at Walgreens,COMPLETED,2025-06-10 08:13:36,2025-06-10 08:33:36,POS,REF-9E58EA43,,
TXN-2026-000636,ACC-100118,CUST-B060,DEBIT,1085.85,USD,41272.24,Home Depot,HOME_IMPROVEMENT,Debit at Home Depot,PENDING,2025-09-19 19:40:15,2025-09-19 19:56:15,ONLINE,REF-E5CC9738,,
TXN-2026-000637,ACC-100118,CUST-B060,WIRE,1358.82,USD,39913.42,Chipotle,RESTAURANT,Wire at Chipotle,COMPLETED,2025-06-23 21:06:56,2025-06-23 21:26:56,POS,REF-2D00E166,,
TXN-2026-000638,ACC-100118,CUST-B060,WIRE,201.99,USD,39711.43,Chipotle,RESTAURANT,Wire at Chipotle,COMPLETED,2025-07-26 07:49:42,2025-07-26 08:09:42,POS,REF-0B175751,,
TXN-2026-000639,ACC-100119,CUST-B095,DEBIT,1505.51,USD,7023.71,DoorDash,FOOD_DELIVERY,Debit at DoorDash,PENDING,2026-01-14 14:11:12,2026-01-14 14:43:12,MOBILE,REF-52B0D65F,,
TXN-2026-000640,ACC-100119,CUST-B095,CREDIT,125.96,USD,7149.67,Home Depot,HOME_IMPROVEMENT,Credit at Home Depot,COMPLETED,2025-11-28 12:28:09,2025-11-28 12:32:09,MOBILE,REF-00008791,,
TXN-2026-000641,ACC-100119,CUST-B095,DEBIT,541.97,USD,6607.70,Shell,GAS,Debit at Shell,PENDING,2026-01-14 15:31:31,2026-01-14 15:46:31,ONLINE,REF-AA5AD004,,
TXN-2026-000642,ACC-100119,CUST-B095,WIRE,894.73,USD,5712.97,Chipotle,RESTAURANT,Wire at Chipotle,PENDING,2026-04-25 15:52:52,2026-04-25 16:05:52,ONLINE,REF-689D7618,,
TXN-2026-000643,ACC-100120,CUST-B074,DEBIT,1565.14,USD,37515.72,Nordstrom,RETAIL,Debit at Nordstrom,COMPLETED,2025-12-26 18:11:42,2025-12-26 19:09:42,POS,REF-27F3D3ED,,
TXN-2026-000644,ACC-100120,CUST-B074,TRANSFER,1922.42,USD,35593.30,Amazon,ONLINE_RETAIL,Transfer at Amazon,COMPLETED,2026-01-28 01:37:19,2026-01-28 01:47:19,MOBILE,REF-B8FA34FE,,
TXN-2026-000645,ACC-100120,CUST-B074,CREDIT,1679.78,USD,37273.08,Starbucks,CAFE,Credit at Starbucks,COMPLETED,2025-10-26 15:17:15,2025-10-26 16:10:15,SYSTEM,REF-47B65087,,
TXN-2026-000646,ACC-100120,CUST-B074,CREDIT,95.74,USD,37368.82,Hilton Hotels,TRAVEL,Credit at Hilton Hotels,COMPLETED,2026-03-15 01:41:03,2026-03-15 01:45:03,MOBILE,REF-8112F66B,,
TXN-2026-000647,ACC-100120,CUST-B074,DEBIT,1451.52,USD,35917.30,Home Depot,HOME_IMPROVEMENT,Debit at Home Depot,COMPLETED,2025-09-17 12:44:24,2025-09-17 12:57:24,ATM,REF-03942EFC,,
TXN-2026-000648,ACC-100120,CUST-B074,CREDIT,1959.38,USD,37876.68,Walgreens,HEALTH,Credit at Walgreens,COMPLETED,2026-03-02 20:44:46,2026-03-02 20:59:46,ATM,REF-BA194B93,,
TXN-2026-000649,ACC-100121,CUST-B035,TRANSFER,1918.19,USD,25275.57,Grubhub,FOOD_DELIVERY,Transfer at Grubhub,COMPLETED,2025-10-06 13:26:36,,POS,REF-7EABE11C,,
TXN-2026-000650,ACC-100121,CUST-B035,TRANSFER,13.54,USD,25262.03,Venmo,TRANSFER,Transfer at Venmo,COMPLETED,2025-06-04 17:16:44,2025-06-04 17:42:44,MOBILE,REF-8C5128D6,,
TXN-2026-000651,ACC-100121,CUST-B035,DEBIT,1575.67,USD,23686.36,AT&T,TELECOM,Debit at AT&T,COMPLETED,2026-02-08 02:01:30,2026-02-08 02:35:30,MOBILE,REF-778C7F8E,,
TXN-2026-000652,ACC-100121,CUST-B035,PAYMENT,1944.22,USD,21742.14,Home Depot,HOME_IMPROVEMENT,Payment at Home Depot,COMPLETED,2025-10-25 04:04:57,2025-10-25 04:26:57,POS,REF-9CAAD199,,
TXN-2026-000653,ACC-100121,CUST-B035,TRANSFER,744.11,USD,20998.03,Home Depot,HOME_IMPROVEMENT,Transfer at Home Depot,PENDING,2025-08-14 22:48:18,2025-08-14 23:02:18,ATM,REF-EDB7835B,,
TXN-2026-000654,ACC-100121,CUST-B035,DEBIT,184.48,USD,20813.55,Chase Bank ATM,ATM,Debit at Chase Bank ATM,PENDING,2026-01-25 05:42:01,2026-01-25 06:33:01,ONLINE,REF-D1C46367,,
TXN-2026-000655,ACC-100122,CUST-B155,DEBIT,565.11,USD,14460.79,PG&E,UTILITIES,Debit at PG&E,COMPLETED,2026-03-01 10:12:00,2026-03-01 10:25:00,MOBILE,REF-69394D1A,,
TXN-2026-000656,ACC-100122,CUST-B155,CREDIT,1140.36,USD,15601.15,Home Depot,HOME_IMPROVEMENT,Credit at Home Depot,COMPLETED,2025-12-09 20:31:09,2025-12-09 20:43:09,SYSTEM,REF-77B5073C,,
TXN-2026-000657,ACC-100122,CUST-B155,DEBIT,135.39,USD,15465.76,Venmo,TRANSFER,Debit at Venmo,COMPLETED,2025-07-20 19:20:34,2025-07-20 19:28:34,SYSTEM,REF-43C0B056,,
TXN-2026-000658,ACC-100122,CUST-B155,CREDIT,387.74,USD,15853.50,Shell,GAS,Credit at Shell,FAILED,2026-02-19 07:13:10,,SYSTEM,REF-0846DB16,LIMIT_EXCEEDED,
TXN-2026-000659,ACC-100122,CUST-B155,DEBIT,1876.09,USD,13977.41,Airbnb,TRAVEL,Debit at Airbnb,COMPLETED,2026-02-04 22:14:19,2026-02-04 22:55:19,ATM,REF-C16E39FC,,
TXN-2026-000660,ACC-100122,CUST-B155,WIRE,551.70,USD,13425.71,LA Fitness,FITNESS,Wire at LA Fitness,COMPLETED,2026-02-20 03:40:34,2026-02-20 04:11:34,POS,REF-A62BD242,,
TXN-2026-000661,ACC-100122,CUST-B155,DEBIT,559.48,USD,12866.23,Shell,GAS,Debit at Shell,COMPLETED,2025-11-11 03:15:44,2025-11-11 03:35:44,ONLINE,REF-372114BC,,
TXN-2026-000662,ACC-100123,CUST-B143,DEBIT,1980.58,USD,114476.35,Apple Store,ELECTRONICS,Debit at Apple Store,FAILED,2025-08-27 15:00:19,,ONLINE,REF-FF118354,ACCOUNT_FROZEN,
TXN-2026-000663,ACC-100123,CUST-B143,PAYMENT,625.06,USD,113851.29,Uber,TRANSPORT,Payment at Uber,COMPLETED,2026-01-30 02:41:36,2026-01-30 02:42:36,POS,REF-7F749D10,,
TXN-2026-000664,ACC-100123,CUST-B143,PAYMENT,1681.81,USD,112169.48,Digital Bank Loans,FINANCIAL_SERVICES,Payment at Digital Bank Loans,FAILED,2025-09-04 23:38:17,,ATM,REF-D7E14FE6,INSUFFICIENT_FUNDS,
TXN-2026-000665,ACC-100123,CUST-B143,DEBIT,1887.38,USD,110282.10,Marriott,TRAVEL,Debit at Marriott,PENDING,2026-03-29 06:30:32,2026-03-29 06:58:32,MOBILE,REF-F3C1E05A,,
TXN-2026-000666,ACC-100123,CUST-B143,DEBIT,175.64,USD,110106.46,Digital Bank Loans,FINANCIAL_SERVICES,Debit at Digital Bank Loans,COMPLETED,2025-06-24 13:38:35,2025-06-24 14:02:35,POS,REF-13BD883C,,
TXN-2026-000667,ACC-100123,CUST-B143,DEBIT,1838.64,USD,108267.82,Netflix,SUBSCRIPTION,Debit at Netflix,COMPLETED,2025-11-19 14:58:41,,MOBILE,REF-F8300DF8,,
TXN-2026-000668,ACC-100124,CUST-B068,DEBIT,1120.72,USD,24193.53,Best Buy,ELECTRONICS,Debit at Best Buy,COMPLETED,2025-09-23 12:49:24,2025-09-23 13:14:24,MOBILE,REF-EB571E97,,
TXN-2026-000669,ACC-100124,CUST-B068,DEBIT,909.56,USD,23283.97,Shell,GAS,Debit at Shell,COMPLETED,2025-11-28 06:44:32,2025-11-28 07:40:32,POS,REF-3F54E7E0,,
TXN-2026-000670,ACC-100124,CUST-B068,DEBIT,910.88,USD,22373.09,Walgreens,HEALTH,Debit at Walgreens,COMPLETED,2025-10-06 10:59:12,2025-10-06 11:05:12,SYSTEM,REF-C8609356,,
TXN-2026-000671,ACC-100124,CUST-B068,DEBIT,1809.22,USD,20563.87,Costco,GROCERY,Debit at Costco,COMPLETED,2025-07-19 22:14:01,2025-07-19 22:30:01,MOBILE,REF-8FE8E946,,
TXN-2026-000672,ACC-100125,CUST-B183,TRANSFER,375.92,USD,42146.29,Zelle,TRANSFER,Transfer at Zelle,COMPLETED,2025-07-24 11:12:09,2025-07-24 11:15:09,SYSTEM,REF-4C2907D1,,
TXN-2026-000673,ACC-100125,CUST-B183,PAYMENT,625.82,USD,41520.47,LA Fitness,FITNESS,Payment at LA Fitness,COMPLETED,2025-12-28 03:49:29,2025-12-28 03:58:29,SYSTEM,REF-162907BA,,
TXN-2026-000674,ACC-100125,CUST-B183,CREDIT,740.82,USD,42261.29,Walgreens,HEALTH,Credit at Walgreens,COMPLETED,2025-06-04 03:19:41,2025-06-04 04:01:41,POS,REF-8413584E,,
TXN-2026-000675,ACC-100125,CUST-B183,DEBIT,847.01,USD,41414.28,BP,GAS,Debit at BP,FAILED,2025-08-15 21:19:35,,ATM,REF-514A2610,INSUFFICIENT_FUNDS,
TXN-2026-000676,ACC-100125,CUST-B183,TRANSFER,1391.09,USD,40023.19,DoorDash,FOOD_DELIVERY,Transfer at DoorDash,FAILED,2025-11-29 12:30:21,,SYSTEM,REF-1B3806AB,LIMIT_EXCEEDED,
TXN-2026-000677,ACC-100125,CUST-B183,WIRE,660.60,USD,39362.59,Chipotle,RESTAURANT,Wire at Chipotle,FAILED,2025-07-11 17:15:11,,ONLINE,REF-55EB6371,CARD_DECLINED,
TXN-2026-000678,ACC-100125,CUST-B183,DEBIT,1387.98,USD,37974.61,Amazon,ONLINE_RETAIL,Debit at Amazon,COMPLETED,2025-11-29 04:26:15,2025-11-29 04:41:15,ATM,REF-64E3344F,,
TXN-2026-000679,ACC-100125,CUST-B183,DEBIT,803.62,USD,37170.99,Comcast,UTILITIES,Debit at Comcast,COMPLETED,2026-04-17 19:39:50,2026-04-17 20:02:50,ATM,REF-FA66AFAD,,
TXN-2026-000680,ACC-100125,CUST-B183,DEBIT,289.09,USD,36881.90,Walmart,GROCERY,Debit at Walmart,FAILED,2025-11-19 00:54:04,,POS,REF-756092BC,LIMIT_EXCEEDED,
TXN-2026-000681,ACC-100126,CUST-B186,DEBIT,571.78,USD,48705.54,DoorDash,FOOD_DELIVERY,Debit at DoorDash,COMPLETED,2025-08-25 00:42:56,2025-08-25 01:28:56,SYSTEM,REF-177C97B6,,
TXN-2026-000682,ACC-100126,CUST-B186,DEBIT,396.00,USD,48309.54,BP,GAS,Debit at BP,COMPLETED,2025-08-08 09:09:37,2025-08-08 10:07:37,ONLINE,REF-B9B47DAA,,
TXN-2026-000683,ACC-100126,CUST-B186,DEBIT,680.07,USD,47629.47,Comcast,UTILITIES,Debit at Comcast,COMPLETED,2025-08-21 15:33:15,2025-08-21 15:48:15,ATM,REF-965A2771,,
TXN-2026-000684,ACC-100126,CUST-B186,WIRE,1757.38,USD,45872.09,Uber,TRANSPORT,Wire at Uber,FAILED,2025-06-26 09:21:45,,ONLINE,REF-88E2E633,ACCOUNT_FROZEN,
TXN-2026-000685,ACC-100127,CUST-B126,PAYMENT,639.31,USD,42691.41,Comcast,UTILITIES,Payment at Comcast,FAILED,2025-11-14 19:36:16,,SYSTEM,REF-DA986F75,ACCOUNT_FROZEN,
TXN-2026-000686,ACC-100127,CUST-B126,DEBIT,658.72,USD,42032.69,McDonald's,RESTAURANT,Debit at McDonald's,FAILED,2025-06-21 16:24:34,,ONLINE,REF-07233D4C,CARD_DECLINED,
TXN-2026-000687,ACC-100127,CUST-B126,TRANSFER,1583.04,USD,40449.65,Apple Store,ELECTRONICS,Transfer at Apple Store,COMPLETED,2026-01-25 19:09:25,,SYSTEM,REF-F3F847D1,,
TXN-2026-000688,ACC-100127,CUST-B126,TRANSFER,1040.19,USD,39409.46,PG&E,UTILITIES,Transfer at PG&E,COMPLETED,2025-08-09 12:23:13,2025-08-09 12:46:13,MOBILE,REF-A90DA079,,
TXN-2026-000689,ACC-100127,CUST-B126,TRANSFER,540.33,USD,38869.13,United Airlines,TRAVEL,Transfer at United Airlines,COMPLETED,2025-11-03 17:05:17,2025-11-03 17:55:17,POS,REF-3F6FA308,,
TXN-2026-000690,ACC-100127,CUST-B126,DEBIT,1790.29,USD,37078.84,Grubhub,FOOD_DELIVERY,Debit at Grubhub,COMPLETED,2025-11-23 13:41:29,2025-11-23 14:06:29,MOBILE,REF-E9EBBC2D,,
TXN-2026-000691,ACC-100127,CUST-B126,DEBIT,1871.32,USD,35207.52,Comcast,UTILITIES,Debit at Comcast,COMPLETED,2025-10-24 06:55:59,2025-10-24 07:00:59,POS,REF-8893FF40,,
TXN-2026-000692,ACC-100127,CUST-B126,TRANSFER,1040.05,USD,34167.47,McDonald's,RESTAURANT,Transfer at McDonald's,COMPLETED,2025-08-29 09:24:37,2025-08-29 09:53:37,ATM,REF-8A6C35FE,,
TXN-2026-000693,ACC-100128,CUST-B189,TRANSFER,867.85,USD,30597.23,Planet Fitness,FITNESS,Transfer at Planet Fitness,COMPLETED,2025-10-21 17:27:34,2025-10-21 17:47:34,POS,REF-D4BD183F,,
TXN-2026-000694,ACC-100128,CUST-B189,TRANSFER,471.41,USD,30125.82,Lyft,TRANSPORT,Transfer at Lyft,FAILED,2026-02-06 15:08:35,,SYSTEM,REF-078E759C,LIMIT_EXCEEDED,
TXN-2026-000695,ACC-100128,CUST-B189,DEBIT,1572.82,USD,28553.00,Hilton Hotels,TRAVEL,Debit at Hilton Hotels,COMPLETED,2025-08-28 10:42:19,,POS,REF-D8DCB089,,
TXN-2026-000696,ACC-100128,CUST-B189,DEBIT,670.85,USD,27882.15,Nordstrom,RETAIL,Debit at Nordstrom,PENDING,2026-02-18 04:27:22,2026-02-18 04:46:22,ATM,REF-ECF63096,,
TXN-2026-000697,ACC-100128,CUST-B189,DEBIT,1996.82,USD,25885.33,DoorDash,FOOD_DELIVERY,Debit at DoorDash,FAILED,2026-03-20 04:43:16,,ATM,REF-E1FB485A,INSUFFICIENT_FUNDS,
TXN-2026-000698,ACC-100128,CUST-B189,PAYMENT,1567.34,USD,24317.99,McDonald's,RESTAURANT,Payment at McDonald's,COMPLETED,2025-11-04 19:47:33,2025-11-04 20:39:33,POS,REF-80C7167A,,
TXN-2026-000699,ACC-100128,CUST-B189,DEBIT,1731.60,USD,22586.39,Delta Airlines,TRAVEL,Debit at Delta Airlines,COMPLETED,2025-08-28 09:11:07,2025-08-28 09:58:07,ONLINE,REF-0A217791,,
TXN-2026-000700,ACC-100129,CUST-B192,TRANSFER,1446.41,USD,67030.59,Digital Bank Loans,FINANCIAL_SERVICES,Transfer at Digital Bank Loans,COMPLETED,2025-11-27 04:34:13,2025-11-27 04:39:13,ONLINE,REF-664170F9,,
TXN-2026-000701,ACC-100129,CUST-B192,WIRE,423.12,USD,66607.47,LA Fitness,FITNESS,Wire at LA Fitness,COMPLETED,2025-11-22 18:02:32,2025-11-22 18:03:32,SYSTEM,REF-C6BEA3A3,,
TXN-2026-000702,ACC-100129,CUST-B192,CREDIT,1886.99,USD,68494.46,Netflix,SUBSCRIPTION,Credit at Netflix,PENDING,2025-06-04 18:14:05,2025-06-04 18:56:05,ATM,REF-DB93D8F3,,
TXN-2026-000703,ACC-100129,CUST-B192,WIRE,854.31,USD,67640.15,Shell,GAS,Wire at Shell,COMPLETED,2026-03-20 06:59:04,2026-03-20 07:48:04,ATM,REF-BA2CCC1C,,
TXN-2026-000704,ACC-100129,CUST-B192,DEBIT,1137.32,USD,66502.83,CVS Pharmacy,HEALTH,Debit at CVS Pharmacy,FAILED,2025-06-13 12:12:34,,SYSTEM,REF-C0954901,LIMIT_EXCEEDED,
TXN-2026-000705,ACC-100129,CUST-B192,WIRE,1960.44,USD,64542.39,Venmo,TRANSFER,Wire at Venmo,COMPLETED,2025-08-19 07:19:29,2025-08-19 07:23:29,ONLINE,REF-2A894A0F,,
TXN-2026-000706,ACC-100129,CUST-B192,DEBIT,661.04,USD,63881.35,Delta Airlines,TRAVEL,Debit at Delta Airlines,COMPLETED,2025-11-23 08:36:51,2025-11-23 08:55:51,POS,REF-87EB7FC0,,
TXN-2026-000707,ACC-100129,CUST-B192,DEBIT,68.96,USD,63812.39,H&M,RETAIL,Debit at H&M,COMPLETED,2026-02-23 14:10:27,2026-02-23 14:11:27,POS,REF-7BE19749,,
TXN-2026-000708,ACC-100130,CUST-B083,DEBIT,469.91,USD,9747.81,McDonald's,RESTAURANT,Debit at McDonald's,COMPLETED,2026-02-12 03:38:13,2026-02-12 04:07:13,SYSTEM,REF-4A120A7B,,
TXN-2026-000709,ACC-100130,CUST-B083,DEBIT,656.91,USD,9090.90,Amazon,ONLINE_RETAIL,Debit at Amazon,COMPLETED,2025-11-07 13:30:15,2025-11-07 13:37:15,MOBILE,REF-59942A5F,,
TXN-2026-000710,ACC-100130,CUST-B083,DEBIT,781.04,USD,8309.86,Delta Airlines,TRAVEL,Debit at Delta Airlines,COMPLETED,2025-08-20 04:31:48,2025-08-20 04:44:48,MOBILE,REF-32E5B6EA,,
TXN-2026-000711,ACC-100130,CUST-B083,CREDIT,1177.05,USD,9486.91,Uber,TRANSPORT,Credit at Uber,COMPLETED,2025-12-13 03:24:23,2025-12-13 03:53:23,POS,REF-A8601BF6,,
TXN-2026-000712,ACC-100130,CUST-B083,TRANSFER,132.62,USD,9354.29,Spotify,SUBSCRIPTION,Transfer at Spotify,COMPLETED,2025-11-03 01:09:27,2025-11-03 01:24:27,SYSTEM,REF-6B4D6B16,,
TXN-2026-000713,ACC-100130,CUST-B083,TRANSFER,928.08,USD,8426.21,United Airlines,TRAVEL,Transfer at United Airlines,COMPLETED,2025-06-16 04:17:47,2025-06-16 04:35:47,MOBILE,REF-B5E374EE,,
TXN-2026-000714,ACC-100130,CUST-B083,CREDIT,785.23,USD,9211.44,Chase Bank ATM,ATM,Credit at Chase Bank ATM,COMPLETED,2026-04-16 18:55:12,2026-04-16 19:06:12,ONLINE,REF-C28C413F,,
TXN-2026-000715,ACC-100131,CUST-B089,TRANSFER,772.41,USD,123564.96,LA Fitness,FITNESS,Transfer at LA Fitness,COMPLETED,2026-02-11 23:04:16,2026-02-11 23:40:16,POS,REF-F39CE0C0,,
TXN-2026-000716,ACC-100131,CUST-B089,DEBIT,551.18,USD,123013.78,BP,GAS,Debit at BP,FAILED,2026-01-30 22:09:35,,MOBILE,REF-08C5C8C7,ACCOUNT_FROZEN,
TXN-2026-000717,ACC-100131,CUST-B089,DEBIT,1990.66,USD,121023.12,Verizon,TELECOM,Debit at Verizon,PENDING,2025-06-30 17:20:42,2025-06-30 17:52:42,ATM,REF-052BADB7,,
TXN-2026-000718,ACC-100131,CUST-B089,TRANSFER,333.85,USD,120689.27,Verizon,TELECOM,Transfer at Verizon,COMPLETED,2025-08-20 12:50:52,2025-08-20 13:19:52,MOBILE,REF-A171EA94,,
TXN-2026-000719,ACC-100131,CUST-B089,PAYMENT,1493.19,USD,119196.08,Comcast,UTILITIES,Payment at Comcast,COMPLETED,2026-04-29 08:23:01,2026-04-29 08:25:01,POS,REF-E3F7D9D4,,
TXN-2026-000720,ACC-100131,CUST-B089,PAYMENT,1342.24,USD,117853.84,Netflix,SUBSCRIPTION,Payment at Netflix,COMPLETED,2025-11-28 07:04:55,2025-11-28 07:08:55,ONLINE,REF-AFEDA304,,
TXN-2026-000721,ACC-100131,CUST-B089,DEBIT,944.22,USD,116909.62,Planet Fitness,FITNESS,Debit at Planet Fitness,PENDING,2025-09-17 09:47:27,2025-09-17 09:57:27,SYSTEM,REF-61FC05A5,,
TXN-2026-000722,ACC-100131,CUST-B089,DEBIT,591.82,USD,116317.80,Best Buy,ELECTRONICS,Debit at Best Buy,COMPLETED,2025-12-25 15:20:05,2025-12-25 15:30:05,POS,REF-6C149478,,
TXN-2026-000723,ACC-100132,CUST-B163,DEBIT,884.11,USD,6484.36,Starbucks,CAFE,Debit at Starbucks,FAILED,2025-08-09 02:31:23,,MOBILE,REF-AF003B7D,ACCOUNT_FROZEN,
TXN-2026-000724,ACC-100132,CUST-B163,DEBIT,784.28,USD,5700.08,Whole Foods Market,GROCERY,Debit at Whole Foods Market,COMPLETED,2025-09-28 17:47:25,2025-09-28 18:25:25,MOBILE,REF-5EE56763,,
TXN-2026-000725,ACC-100132,CUST-B163,DEBIT,752.42,USD,4947.66,DoorDash,FOOD_DELIVERY,Debit at DoorDash,COMPLETED,2025-09-01 15:21:25,2025-09-01 15:22:25,POS,REF-3977EFE1,,
TXN-2026-000726,ACC-100132,CUST-B163,DEBIT,1361.52,USD,3586.14,Walgreens,HEALTH,Debit at Walgreens,COMPLETED,2025-06-25 12:48:03,2025-06-25 13:44:03,ONLINE,REF-B0B81C55,,
TXN-2026-000727,ACC-100132,CUST-B163,DEBIT,834.28,USD,2751.86,Uber,TRANSPORT,Debit at Uber,COMPLETED,2025-07-12 19:41:09,2025-07-12 20:01:09,ONLINE,REF-96E3A5D9,,
TXN-2026-000728,ACC-100132,CUST-B163,DEBIT,1868.98,USD,882.88,Zelle,TRANSFER,Debit at Zelle,COMPLETED,2025-11-01 10:15:45,2025-11-01 10:22:45,POS,REF-26279E93,,
TXN-2026-000729,ACC-100132,CUST-B163,PAYMENT,351.38,USD,531.50,Chase Bank ATM,ATM,Payment at Chase Bank ATM,COMPLETED,2025-11-04 04:12:42,2025-11-04 04:12:42,MOBILE,REF-131213C7,,
TXN-2026-000730,ACC-100132,CUST-B163,DEBIT,1317.63,USD,0.00,Shell,GAS,Debit at Shell,COMPLETED,2025-09-17 03:24:47,2025-09-17 03:47:47,ONLINE,REF-ACC02208,,
TXN-2026-000731,ACC-100132,CUST-B163,CREDIT,1536.25,USD,1536.25,Verizon,TELECOM,Credit at Verizon,PENDING,2025-12-12 00:23:09,2025-12-12 00:29:09,SYSTEM,REF-C144AAA0,,
TXN-2026-000732,ACC-100133,CUST-B085,DEBIT,1201.73,USD,21732.87,Chevron,GAS,Debit at Chevron,FAILED,2026-02-01 00:10:16,,ATM,REF-C2E817E1,ACCOUNT_FROZEN,
TXN-2026-000733,ACC-100133,CUST-B085,PAYMENT,1956.15,USD,19776.72,Lyft,TRANSPORT,Payment at Lyft,COMPLETED,2026-02-14 19:01:26,2026-02-14 19:22:26,SYSTEM,REF-848CF10C,,
TXN-2026-000734,ACC-100133,CUST-B085,WIRE,1024.50,USD,18752.22,Planet Fitness,FITNESS,Wire at Planet Fitness,PENDING,2026-03-16 02:12:24,2026-03-16 02:49:24,POS,REF-6EE77E77,,
TXN-2026-000735,ACC-100133,CUST-B085,DEBIT,1234.62,USD,17517.60,Shell,GAS,Debit at Shell,COMPLETED,2025-07-19 04:17:14,2025-07-19 05:04:14,ONLINE,REF-26C4F4DA,,
TXN-2026-000736,ACC-100133,CUST-B085,DEBIT,124.55,USD,17393.05,Zelle,TRANSFER,Debit at Zelle,COMPLETED,2025-10-24 10:48:47,2025-10-24 11:00:47,ONLINE,REF-2F153ECE,,
TXN-2026-000737,ACC-100134,CUST-B064,DEBIT,1847.20,USD,0.00,Target,RETAIL,Debit at Target,PENDING,2026-01-19 06:27:53,2026-01-19 06:55:53,ATM,REF-35C41D0F,,
TXN-2026-000738,ACC-100134,CUST-B064,CREDIT,638.49,USD,638.49,Netflix,SUBSCRIPTION,Credit at Netflix,PENDING,2026-04-02 15:06:00,2026-04-02 15:39:00,MOBILE,REF-1D29913D,,
TXN-2026-000739,ACC-100134,CUST-B064,DEBIT,461.87,USD,176.62,McDonald's,RESTAURANT,Debit at McDonald's,COMPLETED,2026-03-12 14:52:21,2026-03-12 15:07:21,POS,REF-990E9C4E,,
TXN-2026-000740,ACC-100134,CUST-B064,DEBIT,1218.09,USD,0.00,BP,GAS,Debit at BP,COMPLETED,2025-10-27 03:42:23,2025-10-27 03:53:23,POS,REF-3FE0FFF9,,
TXN-2026-000741,ACC-100134,CUST-B064,TRANSFER,144.62,USD,0.00,Costco,GROCERY,Transfer at Costco,FAILED,2025-08-14 17:54:28,,ONLINE,REF-C1C33433,ACCOUNT_FROZEN,
TXN-2026-000742,ACC-100134,CUST-B064,DEBIT,1187.30,USD,0.00,Apple Store,ELECTRONICS,Debit at Apple Store,COMPLETED,2026-04-19 19:32:24,2026-04-19 19:45:24,POS,REF-EE14B55D,,
TXN-2026-000743,ACC-100134,CUST-B064,TRANSFER,626.37,USD,0.00,LA Fitness,FITNESS,Transfer at LA Fitness,COMPLETED,2026-03-08 06:29:13,2026-03-08 06:56:13,ONLINE,REF-2DB5FC27,,
TXN-2026-000744,ACC-100134,CUST-B064,CREDIT,1154.96,USD,1154.96,Chipotle,RESTAURANT,Credit at Chipotle,PENDING,2026-02-02 20:15:23,2026-02-02 21:10:23,POS,REF-D3A14AA0,,
TXN-2026-000745,ACC-100134,CUST-B064,WIRE,758.55,USD,396.41,PG&E,UTILITIES,Wire at PG&E,COMPLETED,2025-11-30 19:22:03,2025-11-30 19:54:03,MOBILE,REF-4FF0D5E0,,
TXN-2026-000746,ACC-100135,CUST-B096,DEBIT,1525.05,USD,36285.51,Delta Airlines,TRAVEL,Debit at Delta Airlines,FAILED,2025-11-13 23:37:53,,SYSTEM,REF-6F162734,LIMIT_EXCEEDED,
TXN-2026-000747,ACC-100135,CUST-B096,DEBIT,1107.94,USD,35177.57,Nordstrom,RETAIL,Debit at Nordstrom,COMPLETED,2025-08-08 05:38:10,2025-08-08 06:07:10,ATM,REF-77CE34E5,,
TXN-2026-000748,ACC-100135,CUST-B096,TRANSFER,148.52,USD,35029.05,Comcast,UTILITIES,Transfer at Comcast,COMPLETED,2025-07-24 01:43:46,2025-07-24 01:55:46,ONLINE,REF-C4783BB3,,
TXN-2026-000749,ACC-100135,CUST-B096,DEBIT,1724.00,USD,33305.05,Amazon,ONLINE_RETAIL,Debit at Amazon,COMPLETED,2026-03-11 15:31:44,2026-03-11 16:02:44,MOBILE,REF-CBB1EE85,,
TXN-2026-000750,ACC-100135,CUST-B096,PAYMENT,771.15,USD,32533.90,AT&T,TELECOM,Payment at AT&T,COMPLETED,2025-09-28 13:00:17,2025-09-28 13:37:17,POS,REF-3C5F7F2A,,
TXN-2026-000751,ACC-100136,CUST-B059,DEBIT,392.49,USD,33923.04,Comcast,UTILITIES,Debit at Comcast,FAILED,2025-11-17 10:35:29,,SYSTEM,REF-F5A6CA2A,LIMIT_EXCEEDED,
TXN-2026-000752,ACC-100136,CUST-B059,PAYMENT,1394.43,USD,32528.61,United Airlines,TRAVEL,Payment at United Airlines,PENDING,2026-02-08 18:53:12,2026-02-08 19:20:12,ONLINE,REF-7D88709E,,
TXN-2026-000753,ACC-100136,CUST-B059,DEBIT,1843.33,USD,30685.28,Delta Airlines,TRAVEL,Debit at Delta Airlines,COMPLETED,2025-10-19 08:37:31,2025-10-19 09:20:31,ONLINE,REF-144B3E29,,
TXN-2026-000754,ACC-100136,CUST-B059,TRANSFER,1888.81,USD,28796.47,Chevron,GAS,Transfer at Chevron,COMPLETED,2025-07-28 05:33:49,2025-07-28 06:11:49,ONLINE,REF-360B53AB,,
TXN-2026-000755,ACC-100137,CUST-B115,DEBIT,1290.57,USD,102967.06,Home Depot,HOME_IMPROVEMENT,Debit at Home Depot,FAILED,2025-10-28 06:22:49,,SYSTEM,REF-2A6A04F7,INSUFFICIENT_FUNDS,
TXN-2026-000756,ACC-100137,CUST-B115,WIRE,335.82,USD,102631.24,DoorDash,FOOD_DELIVERY,Wire at DoorDash,COMPLETED,2025-11-13 18:43:49,2025-11-13 19:02:49,SYSTEM,REF-22C8EB4D,,
TXN-2026-000757,ACC-100137,CUST-B115,CREDIT,1469.20,USD,104100.44,Comcast,UTILITIES,Credit at Comcast,FAILED,2026-03-20 05:27:23,,SYSTEM,REF-9C48E53A,INSUFFICIENT_FUNDS,
TXN-2026-000758,ACC-100137,CUST-B115,DEBIT,541.70,USD,103558.74,Chase Bank ATM,ATM,Debit at Chase Bank ATM,COMPLETED,2025-08-21 08:55:10,2025-08-21 09:20:10,POS,REF-A78D7299,,
TXN-2026-000759,ACC-100138,CUST-B132,DEBIT,198.26,USD,1565.22,United Airlines,TRAVEL,Debit at United Airlines,COMPLETED,2026-03-28 11:48:48,2026-03-28 12:21:48,ATM,REF-66140318,,
TXN-2026-000760,ACC-100138,CUST-B132,DEBIT,356.92,USD,1208.30,LA Fitness,FITNESS,Debit at LA Fitness,COMPLETED,2025-08-12 09:22:27,2025-08-12 09:34:27,SYSTEM,REF-1A787A6D,,
TXN-2026-000761,ACC-100138,CUST-B132,TRANSFER,1136.35,USD,71.95,Home Depot,HOME_IMPROVEMENT,Transfer at Home Depot,PENDING,2025-08-22 13:19:38,2025-08-22 13:22:38,ONLINE,REF-3AF946CA,,
TXN-2026-000762,ACC-100138,CUST-B132,WIRE,884.26,USD,0.00,Chevron,GAS,Wire at Chevron,COMPLETED,2026-01-29 12:01:47,2026-01-29 12:41:47,ATM,REF-EE7C54AB,,
TXN-2026-000763,ACC-100138,CUST-B132,WIRE,253.74,USD,0.00,Apple Store,ELECTRONICS,Wire at Apple Store,COMPLETED,2025-06-25 22:58:09,2025-06-25 23:35:09,MOBILE,REF-A5483866,,
TXN-2026-000764,ACC-100139,CUST-B152,DEBIT,126.81,USD,5189.92,Best Buy,ELECTRONICS,Debit at Best Buy,COMPLETED,2026-03-19 23:16:18,2026-03-19 23:58:18,POS,REF-87992538,,
TXN-2026-000765,ACC-100139,CUST-B152,DEBIT,1047.06,USD,4142.86,Best Buy,ELECTRONICS,Debit at Best Buy,FAILED,2025-06-03 19:41:10,,MOBILE,REF-81FFB1E3,LIMIT_EXCEEDED,
TXN-2026-000766,ACC-100139,CUST-B152,PAYMENT,1210.72,USD,2932.14,Delta Airlines,TRAVEL,Payment at Delta Airlines,COMPLETED,2025-10-09 16:52:30,2025-10-09 17:48:30,ATM,REF-B29ECAC6,,
TXN-2026-000767,ACC-100139,CUST-B152,PAYMENT,1331.83,USD,1600.31,BP,GAS,Payment at BP,FAILED,2025-10-25 23:16:34,,POS,REF-2D96BD21,INSUFFICIENT_FUNDS,
TXN-2026-000768,ACC-100139,CUST-B152,WIRE,1451.81,USD,148.50,Airbnb,TRAVEL,Wire at Airbnb,COMPLETED,2025-07-24 22:17:50,,SYSTEM,REF-224CAE98,,
TXN-2026-000769,ACC-100139,CUST-B152,DEBIT,740.02,USD,0.00,Starbucks,CAFE,Debit at Starbucks,COMPLETED,2026-01-27 03:27:19,2026-01-27 04:22:19,MOBILE,REF-E7EBEAEA,,
TXN-2026-000770,ACC-100139,CUST-B152,DEBIT,1972.43,USD,0.00,DoorDash,FOOD_DELIVERY,Debit at DoorDash,COMPLETED,2026-04-12 14:09:30,2026-04-12 14:49:30,POS,REF-BFD68225,,
TXN-2026-000771,ACC-100139,CUST-B152,TRANSFER,470.95,USD,0.00,CVS Pharmacy,HEALTH,Transfer at CVS Pharmacy,PENDING,2025-12-06 04:12:15,2025-12-06 04:51:15,ATM,REF-9ACC9079,,
TXN-2026-000772,ACC-100139,CUST-B152,TRANSFER,1973.81,USD,0.00,LA Fitness,FITNESS,Transfer at LA Fitness,PENDING,2026-04-29 20:45:03,2026-04-29 20:51:03,ATM,REF-64883D82,,
TXN-2026-000773,ACC-100140,CUST-B041,DEBIT,1740.37,USD,6790.11,DoorDash,FOOD_DELIVERY,Debit at DoorDash,COMPLETED,2026-01-09 02:25:32,2026-01-09 03:10:32,ONLINE,REF-5524853B,,
TXN-2026-000774,ACC-100140,CUST-B041,DEBIT,606.19,USD,6183.92,United Airlines,TRAVEL,Debit at United Airlines,COMPLETED,2026-02-17 09:23:38,2026-02-17 10:18:38,MOBILE,REF-BAD79836,,
TXN-2026-000775,ACC-100140,CUST-B041,TRANSFER,1326.97,USD,4856.95,Home Depot,HOME_IMPROVEMENT,Transfer at Home Depot,PENDING,2025-09-02 13:21:56,2025-09-02 13:31:56,POS,REF-237F7FD0,,
TXN-2026-000776,ACC-100140,CUST-B041,WIRE,1986.76,USD,2870.19,Best Buy,ELECTRONICS,Wire at Best Buy,COMPLETED,2025-06-12 08:22:00,2025-06-12 09:21:00,MOBILE,REF-C631838D,,
TXN-2026-000777,ACC-100140,CUST-B041,DEBIT,1439.75,USD,1430.44,Starbucks,CAFE,Debit at Starbucks,COMPLETED,2026-02-14 14:56:32,2026-02-14 15:53:32,ONLINE,REF-755874FD,,
TXN-2026-000778,ACC-100140,CUST-B041,TRANSFER,185.43,USD,1245.01,Nordstrom,RETAIL,Transfer at Nordstrom,FAILED,2026-02-24 15:53:57,,ATM,REF-8F9F6426,INSUFFICIENT_FUNDS,
TXN-2026-000779,ACC-100140,CUST-B041,WIRE,1309.57,USD,0.00,Comcast,UTILITIES,Wire at Comcast,COMPLETED,2026-04-01 21:29:36,2026-04-01 22:23:36,ONLINE,REF-D5F458C4,,
TXN-2026-000780,ACC-100140,CUST-B041,CREDIT,235.80,USD,235.80,Shell,GAS,Credit at Shell,PENDING,2025-07-05 01:14:24,2025-07-05 01:35:24,ONLINE,REF-17D871CF,,
TXN-2026-000781,ACC-100141,CUST-B061,PAYMENT,259.20,USD,6074.03,Home Depot,HOME_IMPROVEMENT,Payment at Home Depot,PENDING,2025-09-30 16:50:29,2025-09-30 17:26:29,ATM,REF-28AA916A,,
TXN-2026-000782,ACC-100141,CUST-B061,DEBIT,1695.00,USD,4379.03,Whole Foods Market,GROCERY,Debit at Whole Foods Market,PENDING,2025-11-12 13:09:22,2025-11-12 13:32:22,ONLINE,REF-46F61626,,
TXN-2026-000783,ACC-100141,CUST-B061,DEBIT,217.64,USD,4161.39,Marriott,TRAVEL,Debit at Marriott,COMPLETED,2025-06-04 13:38:35,2025-06-04 14:07:35,ATM,REF-63B57921,,
TXN-2026-000784,ACC-100141,CUST-B061,TRANSFER,1361.56,USD,2799.83,Shell,GAS,Transfer at Shell,PENDING,2025-07-28 06:06:14,2025-07-28 06:15:14,POS,REF-3885BA60,,
TXN-2026-000785,ACC-100141,CUST-B061,PAYMENT,621.24,USD,2178.59,Venmo,TRANSFER,Payment at Venmo,PENDING,2026-02-23 10:13:01,2026-02-23 11:07:01,MOBILE,REF-D7394331,,
TXN-2026-000786,ACC-100141,CUST-B061,TRANSFER,586.53,USD,1592.06,Grubhub,FOOD_DELIVERY,Transfer at Grubhub,PENDING,2025-10-25 07:10:44,,ONLINE,REF-633A34E4,,
TXN-2026-000787,ACC-100141,CUST-B061,DEBIT,1402.31,USD,189.75,Grubhub,FOOD_DELIVERY,Debit at Grubhub,COMPLETED,2025-06-21 09:57:12,2025-06-21 10:46:12,MOBILE,REF-5C9B8CA2,,
TXN-2026-000788,ACC-100141,CUST-B061,CREDIT,1968.86,USD,2158.61,AT&T,TELECOM,Credit at AT&T,FAILED,2026-02-12 00:39:29,,ATM,REF-B354F6F8,CARD_DECLINED,
TXN-2026-000789,ACC-100141,CUST-B061,TRANSFER,1980.68,USD,177.93,LA Fitness,FITNESS,Transfer at LA Fitness,COMPLETED,2026-03-22 06:24:29,2026-03-22 06:28:29,ATM,REF-8801FBC4,,
TXN-2026-000790,ACC-100142,CUST-B099,WIRE,199.15,USD,12896.03,DoorDash,FOOD_DELIVERY,Wire at DoorDash,FAILED,2025-10-04 14:28:46,,ATM,REF-95C48B8F,INSUFFICIENT_FUNDS,
TXN-2026-000791,ACC-100142,CUST-B099,DEBIT,1156.43,USD,11739.60,Airbnb,TRAVEL,Debit at Airbnb,FAILED,2025-11-19 14:39:17,,ONLINE,REF-73998FB6,ACCOUNT_FROZEN,
TXN-2026-000792,ACC-100142,CUST-B099,DEBIT,727.64,USD,11011.96,DoorDash,FOOD_DELIVERY,Debit at DoorDash,PENDING,2026-04-29 11:48:54,2026-04-29 12:31:54,ONLINE,REF-5662FF18,,
TXN-2026-000793,ACC-100142,CUST-B099,WIRE,1360.49,USD,9651.47,Comcast,UTILITIES,Wire at Comcast,COMPLETED,2025-08-05 07:57:04,2025-08-05 08:03:04,MOBILE,REF-53DE9594,,
TXN-2026-000794,ACC-100142,CUST-B099,DEBIT,239.11,USD,9412.36,Lyft,TRANSPORT,Debit at Lyft,COMPLETED,2025-12-18 04:12:14,2025-12-18 04:49:14,ONLINE,REF-467BD150,,
TXN-2026-000795,ACC-100142,CUST-B099,DEBIT,72.82,USD,9339.54,AT&T,TELECOM,Debit at AT&T,COMPLETED,2025-09-02 12:56:06,2025-09-02 13:15:06,ONLINE,REF-7A142B9F,,
TXN-2026-000796,ACC-100143,CUST-B062,DEBIT,1556.57,USD,125580.40,Comcast,UTILITIES,Debit at Comcast,COMPLETED,2026-04-14 18:07:53,2026-04-14 18:24:53,MOBILE,REF-E1CD92A1,,
TXN-2026-000797,ACC-100143,CUST-B062,DEBIT,244.40,USD,125336.00,PG&E,UTILITIES,Debit at PG&E,COMPLETED,2025-07-03 02:13:57,2025-07-03 02:54:57,SYSTEM,REF-CB588220,,
TXN-2026-000798,ACC-100143,CUST-B062,DEBIT,1175.77,USD,124160.23,Shell,GAS,Debit at Shell,PENDING,2026-01-09 09:18:13,2026-01-09 10:02:13,SYSTEM,REF-EFD0913F,,
TXN-2026-000799,ACC-100143,CUST-B062,WIRE,970.96,USD,123189.27,Lyft,TRANSPORT,Wire at Lyft,COMPLETED,2026-02-06 08:04:34,2026-02-06 08:23:34,POS,REF-3865185D,,
TXN-2026-000800,ACC-100143,CUST-B062,DEBIT,1428.97,USD,121760.30,CVS Pharmacy,HEALTH,Debit at CVS Pharmacy,PENDING,2026-04-05 20:01:57,2026-04-05 20:26:57,POS,REF-A914E8DE,,
TXN-2026-000801,ACC-100143,CUST-B062,TRANSFER,132.54,USD,121627.76,AT&T,TELECOM,Transfer at AT&T,PENDING,2026-04-22 02:44:49,2026-04-22 03:29:49,POS,REF-71A88301,,
TXN-2026-000802,ACC-100143,CUST-B062,DEBIT,365.43,USD,121262.33,Grubhub,FOOD_DELIVERY,Debit at Grubhub,COMPLETED,2026-01-19 16:02:27,2026-01-19 16:02:27,ATM,REF-E44F861E,,
TXN-2026-000803,ACC-100143,CUST-B062,DEBIT,261.99,USD,121000.34,Home Depot,HOME_IMPROVEMENT,Debit at Home Depot,COMPLETED,2025-08-20 02:12:07,2025-08-20 02:17:07,POS,REF-DE6BB7A1,,
TXN-2026-000804,ACC-100143,CUST-B062,DEBIT,1014.77,USD,119985.57,Apple Store,ELECTRONICS,Debit at Apple Store,COMPLETED,2025-10-20 04:37:17,2025-10-20 04:47:17,POS,REF-FF22B98D,,
TXN-2026-000805,ACC-100144,CUST-B145,DEBIT,1892.70,USD,6765.39,Chipotle,RESTAURANT,Debit at Chipotle,COMPLETED,2025-12-19 17:33:37,2025-12-19 17:51:37,MOBILE,REF-CE7B7C14,,
TXN-2026-000806,ACC-100144,CUST-B145,TRANSFER,1391.73,USD,5373.66,Netflix,SUBSCRIPTION,Transfer at Netflix,COMPLETED,2025-12-20 23:36:09,2025-12-20 23:58:09,SYSTEM,REF-C4CE5FFD,,
TXN-2026-000807,ACC-100144,CUST-B145,DEBIT,1326.92,USD,4046.74,Grubhub,FOOD_DELIVERY,Debit at Grubhub,COMPLETED,2025-06-18 08:57:56,2025-06-18 09:09:56,ONLINE,REF-886EB44E,,
TXN-2026-000808,ACC-100144,CUST-B145,DEBIT,1185.61,USD,2861.13,Netflix,SUBSCRIPTION,Debit at Netflix,COMPLETED,2025-09-16 17:30:55,2025-09-16 18:09:55,SYSTEM,REF-7C599DB6,,
TXN-2026-000809,ACC-100144,CUST-B145,CREDIT,766.66,USD,3627.79,Chevron,GAS,Credit at Chevron,FAILED,2025-08-03 10:14:48,,ONLINE,REF-A2CEA7DD,CARD_DECLINED,
TXN-2026-000810,ACC-100145,CUST-B086,DEBIT,1260.99,USD,25247.68,Grubhub,FOOD_DELIVERY,Debit at Grubhub,COMPLETED,2025-09-13 14:59:13,2025-09-13 15:43:13,ATM,REF-5D3960A9,,
TXN-2026-000811,ACC-100145,CUST-B086,DEBIT,842.27,USD,24405.41,Zara,RETAIL,Debit at Zara,COMPLETED,2025-07-30 14:38:37,2025-07-30 15:28:37,POS,REF-8A721275,,
TXN-2026-000812,ACC-100145,CUST-B086,DEBIT,159.66,USD,24245.75,Venmo,TRANSFER,Debit at Venmo,COMPLETED,2025-07-19 09:33:14,2025-07-19 10:16:14,POS,REF-274CE001,,
TXN-2026-000813,ACC-100145,CUST-B086,DEBIT,728.82,USD,23516.93,Walgreens,HEALTH,Debit at Walgreens,FAILED,2025-10-08 12:36:25,,ATM,REF-CC93B181,ACCOUNT_FROZEN,
TXN-2026-000814,ACC-100145,CUST-B086,DEBIT,757.43,USD,22759.50,Amazon,ONLINE_RETAIL,Debit at Amazon,PENDING,2025-08-26 07:17:32,2025-08-26 07:23:32,POS,REF-A33D57E2,,
TXN-2026-000815,ACC-100145,CUST-B086,CREDIT,1179.71,USD,23939.21,Lyft,TRANSPORT,Credit at Lyft,COMPLETED,2026-04-10 07:54:14,2026-04-10 08:27:14,SYSTEM,REF-8905EEF4,,
TXN-2026-000816,ACC-100145,CUST-B086,CREDIT,1216.90,USD,25156.11,McDonald's,RESTAURANT,Credit at McDonald's,PENDING,2025-06-19 15:03:00,2025-06-19 16:03:00,ONLINE,REF-4928AF98,,
TXN-2026-000817,ACC-100145,CUST-B086,WIRE,956.34,USD,24199.77,Chase Bank ATM,ATM,Wire at Chase Bank ATM,COMPLETED,2025-07-20 13:03:32,2025-07-20 13:46:32,ONLINE,REF-B985A58C,,
TXN-2026-000818,ACC-100146,CUST-B135,DEBIT,760.71,USD,17636.83,Netflix,SUBSCRIPTION,Debit at Netflix,PENDING,2026-03-13 14:38:00,2026-03-13 15:36:00,ATM,REF-6AF2C3C1,,
TXN-2026-000819,ACC-100146,CUST-B135,WIRE,1415.04,USD,16221.79,BP,GAS,Wire at BP,PENDING,2025-08-11 02:39:28,2025-08-11 03:01:28,SYSTEM,REF-50FE6B1B,,
TXN-2026-000820,ACC-100146,CUST-B135,CREDIT,1905.47,USD,18127.26,McDonald's,RESTAURANT,Credit at McDonald's,FAILED,2025-12-20 04:17:38,,ATM,REF-8A020C52,ACCOUNT_FROZEN,
TXN-2026-000821,ACC-100146,CUST-B135,CREDIT,816.00,USD,18943.26,Apple Store,ELECTRONICS,Credit at Apple Store,COMPLETED,2025-09-30 10:55:09,2025-09-30 11:35:09,ONLINE,REF-A18A8B7E,,
TXN-2026-000822,ACC-100146,CUST-B135,DEBIT,1152.76,USD,17790.50,Apple Store,ELECTRONICS,Debit at Apple Store,FAILED,2025-07-03 20:23:25,,MOBILE,REF-52DB6A01,INSUFFICIENT_FUNDS,
TXN-2026-000823,ACC-100146,CUST-B135,DEBIT,961.91,USD,16828.59,Hilton Hotels,TRAVEL,Debit at Hilton Hotels,FAILED,2025-12-18 00:15:17,,MOBILE,REF-9E24F448,INSUFFICIENT_FUNDS,
TXN-2026-000824,ACC-100146,CUST-B135,DEBIT,1822.22,USD,15006.37,Amazon,ONLINE_RETAIL,Debit at Amazon,COMPLETED,2026-03-17 16:27:10,,SYSTEM,REF-DC9ACF0B,,
TXN-2026-000825,ACC-100146,CUST-B135,DEBIT,1988.47,USD,13017.90,Chase Bank ATM,ATM,Debit at Chase Bank ATM,FAILED,2026-02-12 18:35:21,,SYSTEM,REF-B3F058C8,INSUFFICIENT_FUNDS,
TXN-2026-000826,ACC-100146,CUST-B135,DEBIT,1350.67,USD,11667.23,Planet Fitness,FITNESS,Debit at Planet Fitness,COMPLETED,2026-03-24 14:17:50,2026-03-24 14:31:50,ATM,REF-11B8E671,,
TXN-2026-000827,ACC-100147,CUST-B098,PAYMENT,1905.20,USD,4548.92,Hilton Hotels,TRAVEL,Payment at Hilton Hotels,COMPLETED,2025-11-12 04:03:25,2025-11-12 04:13:25,POS,REF-5AA195DC,,
TXN-2026-000828,ACC-100147,CUST-B098,DEBIT,1664.29,USD,2884.63,Walgreens,HEALTH,Debit at Walgreens,COMPLETED,2026-04-27 09:49:00,2026-04-27 09:56:00,MOBILE,REF-191FE2A9,,
TXN-2026-000829,ACC-100147,CUST-B098,CREDIT,430.07,USD,3314.70,McDonald's,RESTAURANT,Credit at McDonald's,COMPLETED,2026-03-14 14:53:53,2026-03-14 15:18:53,ATM,REF-3C8198F0,,
TXN-2026-000830,ACC-100147,CUST-B098,DEBIT,1871.15,USD,1443.55,Hilton Hotels,TRAVEL,Debit at Hilton Hotels,COMPLETED,2026-01-26 21:50:06,2026-01-26 21:53:06,SYSTEM,REF-58B33FC2,,
TXN-2026-000831,ACC-100147,CUST-B098,PAYMENT,600.21,USD,843.34,Airbnb,TRAVEL,Payment at Airbnb,FAILED,2025-07-12 14:50:29,,MOBILE,REF-00F81728,ACCOUNT_FROZEN,
TXN-2026-000832,ACC-100148,CUST-B040,DEBIT,864.45,USD,20429.60,Amazon,ONLINE_RETAIL,Debit at Amazon,COMPLETED,2025-08-16 17:14:51,,ONLINE,REF-EFBD73A1,,
TXN-2026-000833,ACC-100148,CUST-B040,DEBIT,1826.65,USD,18602.95,Verizon,TELECOM,Debit at Verizon,COMPLETED,2025-06-03 16:24:36,2025-06-03 17:06:36,MOBILE,REF-6DC4CC06,,
TXN-2026-000834,ACC-100148,CUST-B040,PAYMENT,602.07,USD,18000.88,AT&T,TELECOM,Payment at AT&T,PENDING,2025-11-14 08:25:54,2025-11-14 08:59:54,POS,REF-151AFFED,,
TXN-2026-000835,ACC-100148,CUST-B040,TRANSFER,327.86,USD,17673.02,Planet Fitness,FITNESS,Transfer at Planet Fitness,COMPLETED,2025-10-16 09:04:30,2025-10-16 09:04:30,ONLINE,REF-FDC63998,,
TXN-2026-000836,ACC-100148,CUST-B040,DEBIT,573.38,USD,17099.64,Home Depot,HOME_IMPROVEMENT,Debit at Home Depot,COMPLETED,2025-07-22 21:59:27,2025-07-22 22:46:27,POS,REF-A82B3AE3,,
TXN-2026-000837,ACC-100148,CUST-B040,DEBIT,1897.01,USD,15202.63,Uber,TRANSPORT,Debit at Uber,COMPLETED,2026-02-14 08:30:47,2026-02-14 08:37:47,SYSTEM,REF-F54866C9,,
TXN-2026-000838,ACC-100149,CUST-B079,PAYMENT,1503.42,USD,25408.81,Netflix,SUBSCRIPTION,Payment at Netflix,PENDING,2026-03-31 01:16:21,2026-03-31 01:48:21,MOBILE,REF-CD1DC2D2,,
TXN-2026-000839,ACC-100149,CUST-B079,DEBIT,1915.57,USD,23493.24,Netflix,SUBSCRIPTION,Debit at Netflix,COMPLETED,2026-04-04 20:37:13,,SYSTEM,REF-B040DF70,,
TXN-2026-000840,ACC-100149,CUST-B079,DEBIT,108.82,USD,23384.42,Amazon,ONLINE_RETAIL,Debit at Amazon,PENDING,2026-04-19 06:37:47,2026-04-19 07:15:47,MOBILE,REF-2172D75A,,
TXN-2026-000841,ACC-100149,CUST-B079,CREDIT,568.04,USD,23952.46,Delta Airlines,TRAVEL,Credit at Delta Airlines,COMPLETED,2025-07-03 02:01:35,2025-07-03 02:16:35,SYSTEM,REF-187CF21A,,
TXN-2026-000842,ACC-100149,CUST-B079,DEBIT,565.87,USD,23386.59,Lyft,TRANSPORT,Debit at Lyft,COMPLETED,2025-07-15 16:03:50,2025-07-15 16:47:50,MOBILE,REF-910D0E4B,,
TXN-2026-000843,ACC-100149,CUST-B079,TRANSFER,1414.39,USD,21972.20,DoorDash,FOOD_DELIVERY,Transfer at DoorDash,COMPLETED,2026-04-11 13:18:15,2026-04-11 14:04:15,ONLINE,REF-30A8E13B,,
TXN-2026-000844,ACC-100149,CUST-B079,DEBIT,462.62,USD,21509.58,DoorDash,FOOD_DELIVERY,Debit at DoorDash,FAILED,2025-07-22 09:05:10,,MOBILE,REF-D692EDF2,ACCOUNT_FROZEN,
TXN-2026-000845,ACC-100150,CUST-B087,DEBIT,186.42,USD,3623.51,Zelle,TRANSFER,Debit at Zelle,COMPLETED,2025-06-20 18:56:18,2025-06-20 19:29:18,ONLINE,REF-71EB603A,,
TXN-2026-000846,ACC-100150,CUST-B087,PAYMENT,855.02,USD,2768.49,Shell,GAS,Payment at Shell,COMPLETED,2025-06-24 19:49:15,2025-06-24 20:30:15,POS,REF-7668CE69,,
TXN-2026-000847,ACC-100150,CUST-B087,PAYMENT,564.71,USD,2203.78,Starbucks,CAFE,Payment at Starbucks,COMPLETED,2025-10-15 07:47:08,2025-10-15 08:02:08,POS,REF-3531BB1D,,
TXN-2026-000848,ACC-100150,CUST-B087,DEBIT,6.07,USD,2197.71,Lyft,TRANSPORT,Debit at Lyft,COMPLETED,2026-02-12 11:39:38,2026-02-12 11:52:38,ATM,REF-F1FC46D0,,
TXN-2026-000849,ACC-100151,CUST-B081,WIRE,373.76,USD,5774.50,Best Buy,ELECTRONICS,Wire at Best Buy,COMPLETED,2025-12-08 19:07:14,2025-12-08 19:26:14,POS,REF-A2DC3476,,
TXN-2026-000850,ACC-100151,CUST-B081,DEBIT,665.77,USD,5108.73,H&M,RETAIL,Debit at H&M,PENDING,2026-03-15 21:20:35,2026-03-15 22:07:35,SYSTEM,REF-67C78690,,
TXN-2026-000851,ACC-100151,CUST-B081,PAYMENT,480.31,USD,4628.42,Venmo,TRANSFER,Payment at Venmo,COMPLETED,2025-09-16 04:00:43,2025-09-16 04:24:43,POS,REF-6F84EF8A,,
TXN-2026-000852,ACC-100151,CUST-B081,DEBIT,86.87,USD,4541.55,Netflix,SUBSCRIPTION,Debit at Netflix,PENDING,2026-02-10 03:01:55,2026-02-10 03:13:55,POS,REF-DAB7F0F5,,
TXN-2026-000853,ACC-100151,CUST-B081,PAYMENT,606.45,USD,3935.10,Costco,GROCERY,Payment at Costco,COMPLETED,2025-12-02 03:51:01,2025-12-02 04:03:01,ONLINE,REF-DD6D54B9,,
TXN-2026-000854,ACC-100151,CUST-B081,DEBIT,387.45,USD,3547.65,Target,RETAIL,Debit at Target,FAILED,2025-12-31 18:59:29,,ATM,REF-991B2248,LIMIT_EXCEEDED,
TXN-2026-000855,ACC-100151,CUST-B081,DEBIT,1822.14,USD,1725.51,Planet Fitness,FITNESS,Debit at Planet Fitness,FAILED,2025-06-27 07:05:20,,ONLINE,REF-587F2DDD,INSUFFICIENT_FUNDS,
TXN-2026-000856,ACC-100151,CUST-B081,CREDIT,1394.93,USD,3120.44,Venmo,TRANSFER,Credit at Venmo,COMPLETED,2025-07-21 01:45:15,2025-07-21 02:21:15,ONLINE,REF-3DA506D7,,
TXN-2026-000857,ACC-100152,CUST-B171,TRANSFER,1370.97,USD,34723.15,AT&T,TELECOM,Transfer at AT&T,COMPLETED,2025-12-17 10:03:07,2025-12-17 10:13:07,SYSTEM,REF-FC315FE5,,
TXN-2026-000858,ACC-100152,CUST-B171,WIRE,804.69,USD,33918.46,Comcast,UTILITIES,Wire at Comcast,COMPLETED,2025-09-14 10:30:33,2025-09-14 10:30:33,ONLINE,REF-3CF3B2A7,,
TXN-2026-000859,ACC-100152,CUST-B171,DEBIT,1758.91,USD,32159.55,Digital Bank Loans,FINANCIAL_SERVICES,Debit at Digital Bank Loans,PENDING,2026-04-04 01:21:46,2026-04-04 01:53:46,SYSTEM,REF-3B776754,,
TXN-2026-000860,ACC-100152,CUST-B171,CREDIT,1705.69,USD,33865.24,Chevron,GAS,Credit at Chevron,COMPLETED,2025-09-24 02:18:35,2025-09-24 02:53:35,ONLINE,REF-22D44ED5,,
TXN-2026-000861,ACC-100152,CUST-B171,DEBIT,587.23,USD,33278.01,Target,RETAIL,Debit at Target,COMPLETED,2026-02-04 09:38:49,2026-02-04 10:34:49,ONLINE,REF-45C638B0,,
TXN-2026-000862,ACC-100152,CUST-B171,DEBIT,1286.61,USD,31991.40,Starbucks,CAFE,Debit at Starbucks,COMPLETED,2025-09-05 16:55:24,2025-09-05 17:08:24,POS,REF-C6177F52,,
TXN-2026-000863,ACC-100152,CUST-B171,PAYMENT,652.50,USD,31338.90,Chase Bank ATM,ATM,Payment at Chase Bank ATM,PENDING,2026-03-01 23:22:47,2026-03-01 23:38:47,MOBILE,REF-DC0B9B0F,,
TXN-2026-000864,ACC-100152,CUST-B171,CREDIT,652.65,USD,31991.55,Zelle,TRANSFER,Credit at Zelle,PENDING,2025-06-23 05:44:01,2025-06-23 05:44:01,ONLINE,REF-3B486C4A,,
TXN-2026-000865,ACC-100152,CUST-B171,DEBIT,515.69,USD,31475.86,Starbucks,CAFE,Debit at Starbucks,PENDING,2025-06-07 01:45:40,2025-06-07 02:40:40,SYSTEM,REF-C303E08E,,
TXN-2026-000866,ACC-100153,CUST-B063,CREDIT,1740.70,USD,42901.80,Comcast,UTILITIES,Credit at Comcast,PENDING,2026-02-02 08:09:22,2026-02-02 08:22:22,ONLINE,REF-345617C7,,
TXN-2026-000867,ACC-100153,CUST-B063,CREDIT,411.82,USD,43313.62,CVS Pharmacy,HEALTH,Credit at CVS Pharmacy,COMPLETED,2026-01-31 14:10:03,2026-01-31 14:58:03,MOBILE,REF-146A546C,,
TXN-2026-000868,ACC-100153,CUST-B063,WIRE,740.44,USD,42573.18,Shell,GAS,Wire at Shell,COMPLETED,2025-12-04 00:40:04,,ONLINE,REF-38D2B550,,
TXN-2026-000869,ACC-100153,CUST-B063,DEBIT,1141.47,USD,41431.71,Lyft,TRANSPORT,Debit at Lyft,COMPLETED,2026-03-11 07:14:46,2026-03-11 07:32:46,ONLINE,REF-047F160E,,
TXN-2026-000870,ACC-100154,CUST-B112,DEBIT,143.56,USD,24937.02,AT&T,TELECOM,Debit at AT&T,FAILED,2025-06-28 23:32:32,,POS,REF-B3630A34,CARD_DECLINED,
TXN-2026-000871,ACC-100154,CUST-B112,DEBIT,1454.90,USD,23482.12,Marriott,TRAVEL,Debit at Marriott,COMPLETED,2026-04-10 19:02:17,,MOBILE,REF-3291A4EA,,
TXN-2026-000872,ACC-100154,CUST-B112,DEBIT,1653.99,USD,21828.13,Walmart,GROCERY,Debit at Walmart,COMPLETED,2026-03-24 11:49:48,2026-03-24 12:48:48,ONLINE,REF-254489D8,,
TXN-2026-000873,ACC-100154,CUST-B112,CREDIT,289.56,USD,22117.69,Apple Store,ELECTRONICS,Credit at Apple Store,FAILED,2026-01-30 15:38:46,,SYSTEM,REF-6433BB90,INSUFFICIENT_FUNDS,
TXN-2026-000874,ACC-100154,CUST-B112,DEBIT,408.63,USD,21709.06,Walgreens,HEALTH,Debit at Walgreens,COMPLETED,2025-12-04 13:53:22,2025-12-04 14:50:22,ONLINE,REF-601766EC,,
TXN-2026-000875,ACC-100155,CUST-B038,TRANSFER,313.25,USD,108242.12,Walgreens,HEALTH,Transfer at Walgreens,COMPLETED,2025-06-22 16:47:50,2025-06-22 17:04:50,POS,REF-6B151DFC,,
TXN-2026-000876,ACC-100155,CUST-B038,DEBIT,210.12,USD,108032.00,Walmart,GROCERY,Debit at Walmart,PENDING,2025-09-24 05:48:11,2025-09-24 06:44:11,ONLINE,REF-4AA3FE7A,,
TXN-2026-000877,ACC-100155,CUST-B038,DEBIT,52.88,USD,107979.12,Amazon,ONLINE_RETAIL,Debit at Amazon,COMPLETED,2025-11-13 21:11:26,2025-11-13 21:33:26,ONLINE,REF-654C5B24,,
TXN-2026-000878,ACC-100155,CUST-B038,DEBIT,986.18,USD,106992.94,Comcast,UTILITIES,Debit at Comcast,COMPLETED,2025-07-13 18:32:19,2025-07-13 18:50:19,SYSTEM,REF-31E6892A,,
TXN-2026-000879,ACC-100155,CUST-B038,DEBIT,724.18,USD,106268.76,Walgreens,HEALTH,Debit at Walgreens,COMPLETED,2025-07-03 22:26:00,2025-07-03 23:04:00,MOBILE,REF-91279ED5,,
TXN-2026-000880,ACC-100155,CUST-B038,PAYMENT,1201.22,USD,105067.54,Marriott,TRAVEL,Payment at Marriott,COMPLETED,2026-02-19 20:46:38,2026-02-19 21:43:38,ATM,REF-24389030,,
TXN-2026-000881,ACC-100156,CUST-B025,PAYMENT,1751.43,USD,69277.38,McDonald's,RESTAURANT,Payment at McDonald's,COMPLETED,2025-09-14 06:46:20,2025-09-14 07:28:20,ATM,REF-E9D25645,,
TXN-2026-000882,ACC-100156,CUST-B025,DEBIT,1724.12,USD,67553.26,Costco,GROCERY,Debit at Costco,COMPLETED,2025-07-28 17:27:09,2025-07-28 17:36:09,MOBILE,REF-00E32B6F,,
TXN-2026-000883,ACC-100156,CUST-B025,TRANSFER,1630.23,USD,65923.03,Planet Fitness,FITNESS,Transfer at Planet Fitness,COMPLETED,2025-07-14 22:45:54,2025-07-14 23:31:54,POS,REF-A33FC209,,
TXN-2026-000884,ACC-100156,CUST-B025,DEBIT,367.84,USD,65555.19,CVS Pharmacy,HEALTH,Debit at CVS Pharmacy,COMPLETED,2025-10-28 12:37:20,2025-10-28 13:08:20,MOBILE,REF-CD6A8CA7,,
TXN-2026-000885,ACC-100156,CUST-B025,PAYMENT,280.75,USD,65274.44,Venmo,TRANSFER,Payment at Venmo,COMPLETED,2026-02-09 23:17:42,2026-02-09 23:41:42,MOBILE,REF-0E6385BB,,
TXN-2026-000886,ACC-100156,CUST-B025,TRANSFER,1067.29,USD,64207.15,Nordstrom,RETAIL,Transfer at Nordstrom,COMPLETED,2026-04-16 00:02:31,2026-04-16 00:07:31,MOBILE,REF-7A1D8959,,
TXN-2026-000887,ACC-100156,CUST-B025,DEBIT,1407.67,USD,62799.48,Marriott,TRAVEL,Debit at Marriott,FAILED,2025-08-31 08:09:29,,ATM,REF-72844D9E,INSUFFICIENT_FUNDS,
TXN-2026-000888,ACC-100156,CUST-B025,TRANSFER,1915.44,USD,60884.04,H&M,RETAIL,Transfer at H&M,COMPLETED,2025-07-13 18:43:52,,ONLINE,REF-060259EB,,
TXN-2026-000889,ACC-100157,CUST-B200,DEBIT,1671.33,USD,32393.71,Airbnb,TRAVEL,Debit at Airbnb,COMPLETED,2026-01-01 04:21:22,2026-01-01 05:19:22,ONLINE,REF-2C7C8022,,
TXN-2026-000890,ACC-100157,CUST-B200,DEBIT,1495.26,USD,30898.45,Shell,GAS,Debit at Shell,COMPLETED,2025-07-16 12:43:00,2025-07-16 13:28:00,POS,REF-4CD48F30,,
TXN-2026-000891,ACC-100157,CUST-B200,PAYMENT,112.90,USD,30785.55,LA Fitness,FITNESS,Payment at LA Fitness,COMPLETED,2025-07-12 04:04:59,2025-07-12 04:08:59,SYSTEM,REF-CA5AAD71,,
TXN-2026-000892,ACC-100157,CUST-B200,DEBIT,298.04,USD,30487.51,Uber,TRANSPORT,Debit at Uber,COMPLETED,2025-07-25 20:48:06,,SYSTEM,REF-4176A9A8,,
TXN-2026-000893,ACC-100157,CUST-B200,DEBIT,1532.01,USD,28955.50,Verizon,TELECOM,Debit at Verizon,COMPLETED,2025-11-30 10:31:28,2025-11-30 11:18:28,ATM,REF-AB0C12D2,,
TXN-2026-000894,ACC-100157,CUST-B200,WIRE,1446.50,USD,27509.00,Delta Airlines,TRAVEL,Wire at Delta Airlines,COMPLETED,2025-11-20 10:08:03,2025-11-20 10:52:03,POS,REF-25947047,,
TXN-2026-000895,ACC-100158,CUST-B031,DEBIT,1210.33,USD,4935.84,Whole Foods Market,GROCERY,Debit at Whole Foods Market,COMPLETED,2025-08-07 09:53:05,2025-08-07 09:53:05,MOBILE,REF-26F1403F,,
TXN-2026-000896,ACC-100158,CUST-B031,CREDIT,1838.70,USD,6774.54,Airbnb,TRAVEL,Credit at Airbnb,COMPLETED,2025-12-12 21:47:24,2025-12-12 22:01:24,ONLINE,REF-BFAEBCF7,,
TXN-2026-000897,ACC-100158,CUST-B031,DEBIT,1045.39,USD,5729.15,Starbucks,CAFE,Debit at Starbucks,COMPLETED,2025-07-19 14:19:38,2025-07-19 14:44:38,ONLINE,REF-CD520914,,
TXN-2026-000898,ACC-100158,CUST-B031,DEBIT,1645.90,USD,4083.25,AT&T,TELECOM,Debit at AT&T,PENDING,2026-01-04 05:00:02,2026-01-04 05:04:02,MOBILE,REF-CE927DD9,,
TXN-2026-000899,ACC-100158,CUST-B031,PAYMENT,1307.14,USD,2776.11,Delta Airlines,TRAVEL,Payment at Delta Airlines,COMPLETED,2025-11-05 07:48:16,2025-11-05 07:58:16,ATM,REF-6B7FDBE0,,
TXN-2026-000900,ACC-100159,CUST-B149,DEBIT,543.49,USD,59894.77,LA Fitness,FITNESS,Debit at LA Fitness,COMPLETED,2025-07-11 13:04:44,,ATM,REF-06949F96,,
TXN-2026-000901,ACC-100159,CUST-B149,DEBIT,568.00,USD,59326.77,Walmart,GROCERY,Debit at Walmart,COMPLETED,2025-12-28 07:46:43,2025-12-28 07:59:43,ATM,REF-0AEA4476,,
TXN-2026-000902,ACC-100159,CUST-B149,DEBIT,1278.59,USD,58048.18,DoorDash,FOOD_DELIVERY,Debit at DoorDash,FAILED,2025-06-13 13:40:49,,SYSTEM,REF-84929B7D,INSUFFICIENT_FUNDS,
TXN-2026-000903,ACC-100159,CUST-B149,DEBIT,100.86,USD,57947.32,Delta Airlines,TRAVEL,Debit at Delta Airlines,FAILED,2025-07-07 04:47:19,,MOBILE,REF-172F1E5B,LIMIT_EXCEEDED,
TXN-2026-000904,ACC-100159,CUST-B149,DEBIT,632.37,USD,57314.95,Hilton Hotels,TRAVEL,Debit at Hilton Hotels,PENDING,2025-10-30 17:02:27,2025-10-30 17:10:27,POS,REF-48200F68,,
TXN-2026-000905,ACC-100159,CUST-B149,WIRE,1793.54,USD,55521.41,Walgreens,HEALTH,Wire at Walgreens,PENDING,2025-12-13 13:41:27,2025-12-13 14:32:27,POS,REF-8223521E,,
TXN-2026-000906,ACC-100159,CUST-B149,WIRE,956.52,USD,54564.89,Digital Bank Loans,FINANCIAL_SERVICES,Wire at Digital Bank Loans,COMPLETED,2026-04-27 21:28:05,,MOBILE,REF-1A272EBE,,
TXN-2026-000907,ACC-100159,CUST-B149,DEBIT,1905.87,USD,52659.02,Apple Store,ELECTRONICS,Debit at Apple Store,COMPLETED,2025-08-29 22:23:22,2025-08-29 23:14:22,ONLINE,REF-5806D78F,,
TXN-2026-000908,ACC-100159,CUST-B149,PAYMENT,897.72,USD,51761.30,Uber,TRANSPORT,Payment at Uber,COMPLETED,2025-07-21 22:51:00,2025-07-21 23:14:00,MOBILE,REF-2AB9E245,,
TXN-2026-000909,ACC-100160,CUST-B174,DEBIT,421.60,USD,18150.58,Comcast,UTILITIES,Debit at Comcast,COMPLETED,2026-01-24 01:13:16,2026-01-24 01:22:16,MOBILE,REF-A09039C7,,
TXN-2026-000910,ACC-100160,CUST-B174,DEBIT,289.53,USD,17861.05,Best Buy,ELECTRONICS,Debit at Best Buy,PENDING,2025-09-29 05:08:36,2025-09-29 05:59:36,POS,REF-0C90450D,,
TXN-2026-000911,ACC-100160,CUST-B174,DEBIT,912.34,USD,16948.71,United Airlines,TRAVEL,Debit at United Airlines,COMPLETED,2025-08-05 21:52:58,2025-08-05 22:02:58,SYSTEM,REF-5F5A2B10,,
TXN-2026-000912,ACC-100160,CUST-B174,PAYMENT,183.01,USD,16765.70,PG&E,UTILITIES,Payment at PG&E,COMPLETED,2025-08-09 14:08:12,2025-08-09 14:37:12,MOBILE,REF-F932CBF2,,
TXN-2026-000913,ACC-100161,CUST-B151,DEBIT,1879.96,USD,34796.71,Planet Fitness,FITNESS,Debit at Planet Fitness,FAILED,2026-01-07 20:58:47,,MOBILE,REF-2FA89958,CARD_DECLINED,
TXN-2026-000914,ACC-100161,CUST-B151,DEBIT,884.45,USD,33912.26,Zelle,TRANSFER,Debit at Zelle,COMPLETED,2025-12-17 00:39:10,2025-12-17 01:39:10,POS,REF-6CBF9502,,
TXN-2026-000915,ACC-100161,CUST-B151,TRANSFER,529.34,USD,33382.92,Verizon,TELECOM,Transfer at Verizon,FAILED,2026-02-21 01:52:45,,ONLINE,REF-43A30718,INSUFFICIENT_FUNDS,
TXN-2026-000916,ACC-100161,CUST-B151,DEBIT,313.35,USD,33069.57,H&M,RETAIL,Debit at H&M,COMPLETED,2025-07-11 21:26:54,2025-07-11 21:36:54,POS,REF-ED65AF93,,
TXN-2026-000917,ACC-100161,CUST-B151,WIRE,1748.95,USD,31320.62,Shell,GAS,Wire at Shell,COMPLETED,2026-02-15 20:56:07,,SYSTEM,REF-749CCDF1,,
TXN-2026-000918,ACC-100161,CUST-B151,DEBIT,176.22,USD,31144.40,Airbnb,TRAVEL,Debit at Airbnb,COMPLETED,2026-03-12 04:39:59,2026-03-12 05:38:59,MOBILE,REF-75ACFB38,,
TXN-2026-000919,ACC-100162,CUST-B071,PAYMENT,133.62,USD,31736.28,AT&T,TELECOM,Payment at AT&T,COMPLETED,2025-10-11 23:37:07,2025-10-12 00:08:07,MOBILE,REF-014AE6FD,,
TXN-2026-000920,ACC-100162,CUST-B071,CREDIT,911.88,USD,32648.16,Home Depot,HOME_IMPROVEMENT,Credit at Home Depot,COMPLETED,2025-12-29 16:31:30,2025-12-29 17:01:30,ONLINE,REF-2528336C,,
TXN-2026-000921,ACC-100162,CUST-B071,DEBIT,1975.68,USD,30672.48,CVS Pharmacy,HEALTH,Debit at CVS Pharmacy,PENDING,2026-03-28 16:07:06,2026-03-28 17:06:06,MOBILE,REF-EDB03D91,,
TXN-2026-000922,ACC-100162,CUST-B071,DEBIT,112.88,USD,30559.60,Delta Airlines,TRAVEL,Debit at Delta Airlines,COMPLETED,2025-06-09 21:50:30,2025-06-09 22:33:30,ATM,REF-08F0F78B,,
TXN-2026-000923,ACC-100162,CUST-B071,DEBIT,287.77,USD,30271.83,Lyft,TRANSPORT,Debit at Lyft,FAILED,2025-09-15 08:58:57,,MOBILE,REF-FDEBD64D,CARD_DECLINED,
TXN-2026-000924,ACC-100163,CUST-B057,CREDIT,372.24,USD,16412.62,Grubhub,FOOD_DELIVERY,Credit at Grubhub,FAILED,2025-06-21 20:54:51,,ATM,REF-63DFE022,LIMIT_EXCEEDED,
TXN-2026-000925,ACC-100163,CUST-B057,DEBIT,701.81,USD,15710.81,Uber,TRANSPORT,Debit at Uber,COMPLETED,2025-11-10 18:18:18,2025-11-10 18:52:18,ONLINE,REF-B38F4992,,
TXN-2026-000926,ACC-100163,CUST-B057,PAYMENT,1825.63,USD,13885.18,LA Fitness,FITNESS,Payment at LA Fitness,COMPLETED,2026-01-08 11:44:18,2026-01-08 11:44:18,SYSTEM,REF-C703698E,,
TXN-2026-000927,ACC-100163,CUST-B057,DEBIT,1446.83,USD,12438.35,DoorDash,FOOD_DELIVERY,Debit at DoorDash,COMPLETED,2026-01-11 15:54:41,2026-01-11 16:14:41,ATM,REF-16A94928,,
TXN-2026-000928,ACC-100163,CUST-B057,DEBIT,1793.52,USD,10644.83,Amazon,ONLINE_RETAIL,Debit at Amazon,COMPLETED,2025-07-28 06:40:28,2025-07-28 07:00:28,MOBILE,REF-DC3E0D9B,,
TXN-2026-000929,ACC-100163,CUST-B057,DEBIT,1976.54,USD,8668.29,Chevron,GAS,Debit at Chevron,COMPLETED,2026-04-20 07:33:47,2026-04-20 08:13:47,SYSTEM,REF-B986C93E,,
TXN-2026-000930,ACC-100163,CUST-B057,DEBIT,441.15,USD,8227.14,Best Buy,ELECTRONICS,Debit at Best Buy,PENDING,2025-08-12 21:05:22,2025-08-12 21:39:22,SYSTEM,REF-CBA11BC6,,
TXN-2026-000931,ACC-100163,CUST-B057,DEBIT,699.43,USD,7527.71,Comcast,UTILITIES,Debit at Comcast,FAILED,2025-08-14 05:43:51,,ATM,REF-CB7C20DD,LIMIT_EXCEEDED,
TXN-2026-000932,ACC-100164,CUST-B176,CREDIT,1006.66,USD,5839.39,Chipotle,RESTAURANT,Credit at Chipotle,FAILED,2025-07-19 10:42:39,,MOBILE,REF-827DB710,CARD_DECLINED,
TXN-2026-000933,ACC-100164,CUST-B176,PAYMENT,1657.23,USD,4182.16,Chase Bank ATM,ATM,Payment at Chase Bank ATM,COMPLETED,2025-11-13 09:12:07,2025-11-13 10:00:07,ONLINE,REF-ED573828,,
TXN-2026-000934,ACC-100164,CUST-B176,WIRE,749.38,USD,3432.78,Airbnb,TRAVEL,Wire at Airbnb,COMPLETED,2026-01-01 16:02:12,2026-01-01 16:36:12,ATM,REF-963CD537,,
TXN-2026-000935,ACC-100164,CUST-B176,CREDIT,1405.67,USD,4838.45,LA Fitness,FITNESS,Credit at LA Fitness,COMPLETED,2026-04-29 19:47:36,,POS,REF-2B39994F,,
TXN-2026-000936,ACC-100165,CUST-B107,WIRE,211.83,USD,1856.61,Walmart,GROCERY,Wire at Walmart,COMPLETED,2026-03-19 05:58:54,2026-03-19 06:57:54,MOBILE,REF-E9780451,,
TXN-2026-000937,ACC-100165,CUST-B107,DEBIT,1337.08,USD,519.53,Hilton Hotels,TRAVEL,Debit at Hilton Hotels,PENDING,2026-04-27 18:28:06,2026-04-27 18:42:06,SYSTEM,REF-7C665E85,,
TXN-2026-000938,ACC-100165,CUST-B107,DEBIT,395.14,USD,124.39,Comcast,UTILITIES,Debit at Comcast,FAILED,2025-11-30 08:44:56,,MOBILE,REF-E01BCDB3,CARD_DECLINED,
TXN-2026-000939,ACC-100165,CUST-B107,DEBIT,1879.54,USD,0.00,AT&T,TELECOM,Debit at AT&T,COMPLETED,2026-03-31 18:35:44,2026-03-31 18:53:44,ATM,REF-2948F71A,,
TXN-2026-000940,ACC-100166,CUST-B116,DEBIT,13.29,USD,14712.18,Verizon,TELECOM,Debit at Verizon,COMPLETED,2025-11-08 23:56:53,,ATM,REF-8EA6E145,,
TXN-2026-000941,ACC-100166,CUST-B116,PAYMENT,673.50,USD,14038.68,Marriott,TRAVEL,Payment at Marriott,COMPLETED,2026-01-09 05:10:24,2026-01-09 05:25:24,MOBILE,REF-F8FECED0,,
TXN-2026-000942,ACC-100166,CUST-B116,WIRE,1657.96,USD,12380.72,DoorDash,FOOD_DELIVERY,Wire at DoorDash,COMPLETED,2026-04-08 04:57:08,2026-04-08 05:24:08,MOBILE,REF-7A9900BF,,
TXN-2026-000943,ACC-100166,CUST-B116,WIRE,1808.82,USD,10571.90,Lyft,TRANSPORT,Wire at Lyft,COMPLETED,2025-12-18 21:22:18,2025-12-18 21:36:18,ONLINE,REF-6D63FB94,,
TXN-2026-000944,ACC-100166,CUST-B116,DEBIT,1264.72,USD,9307.18,Hilton Hotels,TRAVEL,Debit at Hilton Hotels,COMPLETED,2026-04-01 14:01:53,2026-04-01 14:49:53,ATM,REF-F9EAC3AF,,
TXN-2026-000945,ACC-100166,CUST-B116,DEBIT,1897.66,USD,7409.52,H&M,RETAIL,Debit at H&M,COMPLETED,2025-08-19 03:12:17,,POS,REF-023AE3FF,,
TXN-2026-000946,ACC-100167,CUST-B198,DEBIT,60.50,USD,6917.87,Digital Bank Loans,FINANCIAL_SERVICES,Debit at Digital Bank Loans,COMPLETED,2026-03-02 19:05:07,2026-03-02 19:10:07,POS,REF-785929E7,,
TXN-2026-000947,ACC-100167,CUST-B198,TRANSFER,1270.75,USD,5647.12,Netflix,SUBSCRIPTION,Transfer at Netflix,COMPLETED,2026-03-29 23:39:42,2026-03-29 23:54:42,ONLINE,REF-AA9A7933,,
TXN-2026-000948,ACC-100167,CUST-B198,DEBIT,1073.16,USD,4573.96,Chipotle,RESTAURANT,Debit at Chipotle,PENDING,2025-09-04 05:56:12,2025-09-04 06:47:12,ATM,REF-C384A5F5,,
TXN-2026-000949,ACC-100167,CUST-B198,CREDIT,170.51,USD,4744.47,Whole Foods Market,GROCERY,Credit at Whole Foods Market,FAILED,2025-07-26 20:01:44,,POS,REF-D0C7F074,INSUFFICIENT_FUNDS,
TXN-2026-000950,ACC-100167,CUST-B198,DEBIT,218.62,USD,4525.85,Airbnb,TRAVEL,Debit at Airbnb,COMPLETED,2025-09-18 16:44:46,2025-09-18 16:55:46,MOBILE,REF-FEFBCE83,,
TXN-2026-000951,ACC-100167,CUST-B198,DEBIT,784.65,USD,3741.20,PG&E,UTILITIES,Debit at PG&E,COMPLETED,2025-12-08 16:47:46,2025-12-08 17:13:46,POS,REF-BF4119F4,,
TXN-2026-000952,ACC-100167,CUST-B198,WIRE,753.63,USD,2987.57,Grubhub,FOOD_DELIVERY,Wire at Grubhub,PENDING,2025-09-30 18:49:24,2025-09-30 19:17:24,ONLINE,REF-AEADDE9F,,
TXN-2026-000953,ACC-100167,CUST-B198,DEBIT,1807.76,USD,1179.81,Chipotle,RESTAURANT,Debit at Chipotle,FAILED,2026-02-12 04:32:11,,ATM,REF-393C06D3,INSUFFICIENT_FUNDS,
TXN-2026-000954,ACC-100167,CUST-B198,TRANSFER,1989.86,USD,0.00,Chase Bank ATM,ATM,Transfer at Chase Bank ATM,COMPLETED,2026-01-20 00:20:19,2026-01-20 00:30:19,ATM,REF-382CF5FD,,
TXN-2026-000955,ACC-100168,CUST-B045,DEBIT,1074.23,USD,17475.91,DoorDash,FOOD_DELIVERY,Debit at DoorDash,COMPLETED,2025-12-19 04:03:45,2025-12-19 04:12:45,ATM,REF-9CA1D555,,
TXN-2026-000956,ACC-100168,CUST-B045,DEBIT,63.85,USD,17412.06,Home Depot,HOME_IMPROVEMENT,Debit at Home Depot,COMPLETED,2025-07-24 19:31:10,2025-07-24 20:17:10,ONLINE,REF-608EE968,,
TXN-2026-000957,ACC-100168,CUST-B045,CREDIT,965.74,USD,18377.80,Starbucks,CAFE,Credit at Starbucks,COMPLETED,2025-07-06 17:13:15,2025-07-06 17:48:15,MOBILE,REF-8F28E5A1,,
TXN-2026-000958,ACC-100168,CUST-B045,WIRE,1027.75,USD,17350.05,United Airlines,TRAVEL,Wire at United Airlines,COMPLETED,2025-11-03 07:43:51,2025-11-03 07:59:51,ATM,REF-57064236,,
TXN-2026-000959,ACC-100169,CUST-B053,CREDIT,335.48,USD,5038.44,Best Buy,ELECTRONICS,Credit at Best Buy,COMPLETED,2025-08-19 22:29:29,2025-08-19 23:00:29,MOBILE,REF-7B9D2925,,
TXN-2026-000960,ACC-100169,CUST-B053,CREDIT,1632.70,USD,6671.14,LA Fitness,FITNESS,Credit at LA Fitness,COMPLETED,2026-01-28 21:57:03,2026-01-28 22:21:03,SYSTEM,REF-E1E313DD,,
TXN-2026-000961,ACC-100169,CUST-B053,PAYMENT,1796.30,USD,4874.84,Chase Bank ATM,ATM,Payment at Chase Bank ATM,COMPLETED,2026-04-15 04:49:05,,POS,REF-48FF5C74,,
TXN-2026-000962,ACC-100169,CUST-B053,CREDIT,1175.80,USD,6050.64,Hilton Hotels,TRAVEL,Credit at Hilton Hotels,COMPLETED,2025-09-22 23:22:18,2025-09-23 00:18:18,SYSTEM,REF-527F9F71,,
TXN-2026-000963,ACC-100169,CUST-B053,WIRE,64.73,USD,5985.91,Chase Bank ATM,ATM,Wire at Chase Bank ATM,PENDING,2025-08-09 20:49:44,2025-08-09 21:16:44,ATM,REF-30AEE02B,,
TXN-2026-000964,ACC-100169,CUST-B053,DEBIT,434.29,USD,5551.62,BP,GAS,Debit at BP,COMPLETED,2025-10-23 08:07:30,2025-10-23 08:56:30,POS,REF-13619E67,,
TXN-2026-000965,ACC-100169,CUST-B053,DEBIT,1435.02,USD,4116.60,CVS Pharmacy,HEALTH,Debit at CVS Pharmacy,COMPLETED,2025-08-23 00:30:12,2025-08-23 01:20:12,ONLINE,REF-B02D87F4,,
TXN-2026-000966,ACC-100170,CUST-B051,WIRE,570.81,USD,106247.22,Costco,GROCERY,Wire at Costco,COMPLETED,2025-08-22 09:36:57,2025-08-22 09:42:57,SYSTEM,REF-A18DF93D,,
TXN-2026-000967,ACC-100170,CUST-B051,WIRE,1365.85,USD,104881.37,Costco,GROCERY,Wire at Costco,COMPLETED,2025-11-17 00:24:35,2025-11-17 00:44:35,POS,REF-CAC6FA67,,
TXN-2026-000968,ACC-100170,CUST-B051,TRANSFER,98.35,USD,104783.02,United Airlines,TRAVEL,Transfer at United Airlines,COMPLETED,2025-09-15 13:44:14,2025-09-15 13:51:14,SYSTEM,REF-7C5A58BD,,
TXN-2026-000969,ACC-100170,CUST-B051,WIRE,476.66,USD,104306.36,CVS Pharmacy,HEALTH,Wire at CVS Pharmacy,PENDING,2025-06-09 06:14:19,2025-06-09 06:55:19,SYSTEM,REF-86D5B01D,,
TXN-2026-000970,ACC-100170,CUST-B051,TRANSFER,572.31,USD,103734.05,Amazon,ONLINE_RETAIL,Transfer at Amazon,FAILED,2026-04-23 20:40:48,,ATM,REF-A0F4741B,INSUFFICIENT_FUNDS,
TXN-2026-000971,ACC-100170,CUST-B051,DEBIT,942.44,USD,102791.61,Walmart,GROCERY,Debit at Walmart,COMPLETED,2026-04-19 06:45:52,2026-04-19 07:31:52,ATM,REF-F36FC85F,,
TXN-2026-000972,ACC-100170,CUST-B051,WIRE,164.14,USD,102627.47,Chase Bank ATM,ATM,Wire at Chase Bank ATM,COMPLETED,2026-03-28 19:55:13,2026-03-28 20:34:13,ATM,REF-491EBC2E,,
TXN-2026-000973,ACC-100170,CUST-B051,TRANSFER,1698.10,USD,100929.37,Airbnb,TRAVEL,Transfer at Airbnb,COMPLETED,2025-07-18 03:39:02,2025-07-18 04:39:02,POS,REF-E4B187DF,,
TXN-2026-000974,ACC-100171,CUST-B092,DEBIT,281.78,USD,141.85,Whole Foods Market,GROCERY,Debit at Whole Foods Market,COMPLETED,2025-10-04 09:15:51,2025-10-04 10:01:51,ONLINE,REF-4575E889,,
TXN-2026-000975,ACC-100171,CUST-B092,DEBIT,1449.60,USD,0.00,Apple Store,ELECTRONICS,Debit at Apple Store,COMPLETED,2026-04-12 11:01:00,2026-04-12 11:58:00,POS,REF-61C84BB4,,
TXN-2026-000976,ACC-100171,CUST-B092,CREDIT,1767.22,USD,1767.22,Whole Foods Market,GROCERY,Credit at Whole Foods Market,COMPLETED,2025-06-17 17:29:56,2025-06-17 18:29:56,ATM,REF-E062DC67,,
TXN-2026-000977,ACC-100171,CUST-B092,WIRE,543.47,USD,1223.75,Walgreens,HEALTH,Wire at Walgreens,COMPLETED,2025-08-06 03:40:15,2025-08-06 04:17:15,ONLINE,REF-BF14DFC1,,
TXN-2026-000978,ACC-100171,CUST-B092,DEBIT,1507.30,USD,0.00,CVS Pharmacy,HEALTH,Debit at CVS Pharmacy,COMPLETED,2026-04-27 04:00:24,2026-04-27 04:26:24,POS,REF-68485A9A,,
TXN-2026-000979,ACC-100172,CUST-B161,DEBIT,1157.88,USD,6003.81,Marriott,TRAVEL,Debit at Marriott,COMPLETED,2026-02-12 19:28:24,2026-02-12 19:45:24,MOBILE,REF-33F75E37,,
TXN-2026-000980,ACC-100172,CUST-B161,DEBIT,531.31,USD,5472.50,Shell,GAS,Debit at Shell,COMPLETED,2025-09-24 01:06:09,2025-09-24 01:28:09,ONLINE,REF-D76679B7,,
TXN-2026-000981,ACC-100172,CUST-B161,DEBIT,154.91,USD,5317.59,Grubhub,FOOD_DELIVERY,Debit at Grubhub,COMPLETED,2025-12-10 02:03:35,,ONLINE,REF-23806963,,
TXN-2026-000982,ACC-100172,CUST-B161,WIRE,379.90,USD,4937.69,Airbnb,TRAVEL,Wire at Airbnb,COMPLETED,2025-07-11 14:20:03,2025-07-11 15:12:03,SYSTEM,REF-8A248797,,
TXN-2026-000983,ACC-100172,CUST-B161,PAYMENT,1522.17,USD,3415.52,Hilton Hotels,TRAVEL,Payment at Hilton Hotels,COMPLETED,2025-09-30 02:25:25,2025-09-30 03:06:25,SYSTEM,REF-84F7F581,,
TXN-2026-000984,ACC-100172,CUST-B161,DEBIT,441.48,USD,2974.04,Best Buy,ELECTRONICS,Debit at Best Buy,FAILED,2025-10-20 05:24:20,,MOBILE,REF-B46300FE,ACCOUNT_FROZEN,
TXN-2026-000985,ACC-100172,CUST-B161,DEBIT,559.29,USD,2414.75,DoorDash,FOOD_DELIVERY,Debit at DoorDash,FAILED,2025-08-03 18:25:14,,ONLINE,REF-15AFE84D,INSUFFICIENT_FUNDS,
TXN-2026-000986,ACC-100172,CUST-B161,DEBIT,1491.33,USD,923.42,Airbnb,TRAVEL,Debit at Airbnb,COMPLETED,2025-09-02 10:12:16,,ATM,REF-6D08CE43,,
TXN-2026-000987,ACC-100173,CUST-B136,TRANSFER,707.15,USD,139960.30,Delta Airlines,TRAVEL,Transfer at Delta Airlines,COMPLETED,2025-07-16 22:52:48,2025-07-16 22:57:48,ONLINE,REF-FCCCEAA2,,
TXN-2026-000988,ACC-100173,CUST-B136,WIRE,1006.87,USD,138953.43,Spotify,SUBSCRIPTION,Wire at Spotify,COMPLETED,2025-12-15 06:13:16,2025-12-15 06:41:16,POS,REF-74D7D951,,
TXN-2026-000989,ACC-100173,CUST-B136,WIRE,1465.34,USD,137488.09,Whole Foods Market,GROCERY,Wire at Whole Foods Market,COMPLETED,2025-11-12 02:48:32,2025-11-12 03:00:32,SYSTEM,REF-BC730826,,
TXN-2026-000990,ACC-100173,CUST-B136,TRANSFER,1039.64,USD,136448.45,Starbucks,CAFE,Transfer at Starbucks,COMPLETED,2025-07-13 09:40:25,2025-07-13 10:21:25,POS,REF-8F27059E,,
TXN-2026-000991,ACC-100174,CUST-B197,DEBIT,1790.64,USD,38712.43,Home Depot,HOME_IMPROVEMENT,Debit at Home Depot,COMPLETED,2026-01-10 09:32:12,2026-01-10 09:36:12,ATM,REF-91429C69,,
TXN-2026-000992,ACC-100174,CUST-B197,WIRE,786.86,USD,37925.57,Shell,GAS,Wire at Shell,FAILED,2025-07-10 08:13:27,,MOBILE,REF-606B34C0,LIMIT_EXCEEDED,
TXN-2026-000993,ACC-100174,CUST-B197,DEBIT,1572.53,USD,36353.04,Grubhub,FOOD_DELIVERY,Debit at Grubhub,COMPLETED,2025-10-14 00:10:31,2025-10-14 00:55:31,POS,REF-DED332BA,,
TXN-2026-000994,ACC-100174,CUST-B197,DEBIT,1008.96,USD,35344.08,Best Buy,ELECTRONICS,Debit at Best Buy,COMPLETED,2026-02-28 00:51:54,2026-02-28 01:38:54,ONLINE,REF-9BF91C95,,
TXN-2026-000995,ACC-100174,CUST-B197,PAYMENT,1364.48,USD,33979.60,Uber,TRANSPORT,Payment at Uber,COMPLETED,2025-08-04 17:14:53,2025-08-04 18:11:53,POS,REF-9DE03B7A,,
TXN-2026-000996,ACC-100175,CUST-B119,WIRE,671.44,USD,40448.49,Delta Airlines,TRAVEL,Wire at Delta Airlines,COMPLETED,2025-08-08 22:33:36,2025-08-08 23:29:36,POS,REF-348234C5,,
TXN-2026-000997,ACC-100175,CUST-B119,PAYMENT,1939.24,USD,38509.25,Venmo,TRANSFER,Payment at Venmo,FAILED,2026-01-13 11:26:04,,POS,REF-E1D9EE98,CARD_DECLINED,
TXN-2026-000998,ACC-100175,CUST-B119,DEBIT,1136.70,USD,37372.55,Target,RETAIL,Debit at Target,COMPLETED,2025-09-21 21:08:03,2025-09-21 21:41:03,ONLINE,REF-97125B2C,,
TXN-2026-000999,ACC-100175,CUST-B119,DEBIT,612.68,USD,36759.87,Best Buy,ELECTRONICS,Debit at Best Buy,PENDING,2026-03-13 21:45:18,2026-03-13 22:16:18,SYSTEM,REF-0DA9FEBF,,
TXN-2026-001000,ACC-100175,CUST-B119,TRANSFER,510.81,USD,36249.06,Chevron,GAS,Transfer at Chevron,COMPLETED,2025-11-26 03:52:01,,ATM,REF-DC34EA02,,
TXN-2026-001001,ACC-100175,CUST-B119,TRANSFER,229.96,USD,36019.10,Marriott,TRAVEL,Transfer at Marriott,COMPLETED,2026-02-22 07:58:17,2026-02-22 08:38:17,MOBILE,REF-2738FB06,,
TXN-2026-001002,ACC-100175,CUST-B119,DEBIT,717.60,USD,35301.50,Shell,GAS,Debit at Shell,COMPLETED,2025-06-13 00:03:08,2025-06-13 00:50:08,MOBILE,REF-F0B1ACC7,,
TXN-2026-001003,ACC-100175,CUST-B119,DEBIT,1490.01,USD,33811.49,PG&E,UTILITIES,Debit at PG&E,COMPLETED,2025-08-15 06:44:21,2025-08-15 07:08:21,ATM,REF-0CBDD727,,
TXN-2026-001004,ACC-100175,CUST-B119,TRANSFER,1974.73,USD,31836.76,Nordstrom,RETAIL,Transfer at Nordstrom,COMPLETED,2025-12-22 15:07:41,2025-12-22 16:05:41,ATM,REF-CD89AEAA,,
TXN-2026-001005,ACC-100176,CUST-B039,WIRE,1890.81,USD,40447.45,Digital Bank Loans,FINANCIAL_SERVICES,Wire at Digital Bank Loans,COMPLETED,2025-09-16 06:48:35,2025-09-16 06:50:35,ATM,REF-3BD5B913,,
TXN-2026-001006,ACC-100176,CUST-B039,DEBIT,869.75,USD,39577.70,Zelle,TRANSFER,Debit at Zelle,PENDING,2025-11-24 17:09:55,2025-11-24 17:59:55,ATM,REF-D5EADD0C,,
TXN-2026-001007,ACC-100176,CUST-B039,DEBIT,1000.36,USD,38577.34,Home Depot,HOME_IMPROVEMENT,Debit at Home Depot,COMPLETED,2026-02-22 05:34:19,2026-02-22 06:17:19,ATM,REF-474474DD,,
TXN-2026-001008,ACC-100176,CUST-B039,DEBIT,610.77,USD,37966.57,Zelle,TRANSFER,Debit at Zelle,COMPLETED,2025-09-20 22:46:39,,MOBILE,REF-79A44F2A,,
TXN-2026-001009,ACC-100176,CUST-B039,DEBIT,569.62,USD,37396.95,Target,RETAIL,Debit at Target,COMPLETED,2026-01-17 07:49:41,2026-01-17 08:20:41,MOBILE,REF-453C731C,,
TXN-2026-001010,ACC-100176,CUST-B039,DEBIT,104.55,USD,37292.40,Chase Bank ATM,ATM,Debit at Chase Bank ATM,PENDING,2025-07-24 11:37:55,2025-07-24 11:55:55,SYSTEM,REF-08DC1758,,
TXN-2026-001011,ACC-100176,CUST-B039,DEBIT,1907.60,USD,35384.80,H&M,RETAIL,Debit at H&M,COMPLETED,2026-03-04 23:28:43,2026-03-05 00:14:43,SYSTEM,REF-C72E5F4C,,
TXN-2026-001012,ACC-100177,CUST-B185,DEBIT,69.11,USD,588.63,McDonald's,RESTAURANT,Debit at McDonald's,COMPLETED,2025-10-16 17:24:43,2025-10-16 18:07:43,MOBILE,REF-4FF77D07,,
TXN-2026-001013,ACC-100177,CUST-B185,DEBIT,1786.60,USD,0.00,AT&T,TELECOM,Debit at AT&T,COMPLETED,2025-09-26 07:03:18,2025-09-26 07:14:18,ATM,REF-891F5CFC,,
TXN-2026-001014,ACC-100177,CUST-B185,DEBIT,1368.23,USD,0.00,Digital Bank Loans,FINANCIAL_SERVICES,Debit at Digital Bank Loans,COMPLETED,2025-08-17 11:32:12,2025-08-17 11:58:12,ATM,REF-50F7FA2B,,
TXN-2026-001015,ACC-100177,CUST-B185,DEBIT,598.18,USD,0.00,Chipotle,RESTAURANT,Debit at Chipotle,COMPLETED,2026-01-31 00:21:21,2026-01-31 00:32:21,MOBILE,REF-43C14EFC,,
TXN-2026-001016,ACC-100178,CUST-B162,TRANSFER,1389.80,USD,36357.79,Netflix,SUBSCRIPTION,Transfer at Netflix,COMPLETED,2025-12-13 15:53:51,2025-12-13 16:38:51,ATM,REF-93B0A955,,
TXN-2026-001017,ACC-100178,CUST-B162,TRANSFER,843.91,USD,35513.88,LA Fitness,FITNESS,Transfer at LA Fitness,COMPLETED,2025-11-07 07:53:15,2025-11-07 08:51:15,MOBILE,REF-CBD6E114,,
TXN-2026-001018,ACC-100178,CUST-B162,DEBIT,1232.34,USD,34281.54,Apple Store,ELECTRONICS,Debit at Apple Store,COMPLETED,2025-09-26 10:28:44,2025-09-26 11:05:44,ONLINE,REF-9C1E31FD,,
TXN-2026-001019,ACC-100178,CUST-B162,CREDIT,111.80,USD,34393.34,Zelle,TRANSFER,Credit at Zelle,COMPLETED,2026-04-25 04:58:16,2026-04-25 05:23:16,MOBILE,REF-7E772965,,
TXN-2026-001020,ACC-100179,CUST-B113,DEBIT,173.89,USD,27143.10,Airbnb,TRAVEL,Debit at Airbnb,COMPLETED,2025-09-13 22:12:43,2025-09-13 22:53:43,SYSTEM,REF-35CFC5DA,,
